tweet_id,timestamp,text,Informativeness
323808103780990976,historical_unknown,RT @VitoCaro7: Good luck to @kyle_piersma today! It seems like just yesterday I beat you in the river bank run #bostonmarathon,Not related
323873597825355778,historical_unknown,RT @DianneG: wow. RT @AntDeRosa Photo captures Boston Marathon explosion RT @Boston_to_a_T: Explosion at coply http://t.co/hWhSpoyRfB,Related and informative
323874466063085568,historical_unknown,Awful scenes at the #BostonMarathon. The photo doing the rounds is pretty horrid...,Related - but not informative
323874558325161984,historical_unknown,Holy shit RT @theoriginalwak: What the fuck just happened?  #bostonmarathon http://t.co/dPh7lvZoxl,Related - but not informative
323875384603058176,historical_unknown,RT @russian_market: BOMB EXPLOSION IN BOSTON (via @samsteinhp @jonward11 @nightshiftpol) http://t.co/MbDcEEQ1a2,Related and informative
323875502056161281,historical_unknown,RT @Lana: oh my god... RT @theoriginalwak: What the fuck just happened?  #bostonmarathon http://t.co/T34ZfIhE4p,Related - but not informative
323875539788128256,historical_unknown,RT @alertnewengland: Boston Marathon is being shut down. Serious injuries being reported as well as possible fatalities.,Related and informative
323876328342446083,historical_unknown,Explosion at the Boston marathon.,Related - but not informative
323876642911031297,historical_unknown,#BREAKING @WBZ reporting several people injured after explosion at Boston Marathon finish line. ..   http://t.co/jWqVOcuUzw,Related and informative
323877448204836864,historical_unknown,NOS 21.10 Bij de finish van de marathon van Boston hebben zich twee explosies voorgedaan. De eerste berichten spreken van meerdere gewonden.,Not applicable
323877544694784000,historical_unknown,O.O Oh no! :( RT @alicegoldfuss: Explosions at the Boston Marathon. Warning: blood. https://t.co/p9Yn9mknIT (via @theoriginalwak),Related and informative
323877624382373888,historical_unknown,RT @RobGronkowski: Wow can't believe what just happened at the Boston Marathon. Praying for everyone down there.,Related - but not informative
323877825696366592,historical_unknown,RT @BostonDotCom: BREAKING NEWS: Multiple people injured near the Boston Marathon finish line after explosion”,Related and informative
323877985088331778,historical_unknown,RT @lindsaylohan: Sending prayers to everyone who was/is at the #bostonmarathon,Related - but not informative
323878136091639809,historical_unknown,RT @CMichaelGibson: Pictures of explosion at finish line of Boston Marathon http://t.co/PZ26lCa3J5,Related and informative
323878727488516096,historical_unknown,RT @RunCompetitor: A major explosion went off next to Marathon Sports store on Boylston Street near to the Boston Marathon finish line.  ...,Related and informative
323878794576412672,historical_unknown,Jesus fucking Christ. Those poor people at Boston marathon. I feel sick.,Related - but not informative
323878853292457985,historical_unknown,Breaking news: Blast rocks Boston Marathon --...,Related and informative
323879075607363585,historical_unknown,Bombing in Boston?😔,Related - but not informative
323879083995983872,historical_unknown,Hope everyone is ok at the Boston Marathon.,Related - but not informative
323879344042815488,historical_unknown,Horrible news about Boston Marathon. Live feed on Fox News showed spectators saying they say dead bodies.,Related - but not informative
323879495041966080,historical_unknown,RT @itvnews: An explosion has been reported near the finish line of the Boston Marathon in the US http://t.co/nmD9ZopaSE,Related and informative
323879553741234176,historical_unknown,People injured in explosions near Boston Marathon finish line: Two explosions at the finish line of the Boston... http://t.co/h3iaFxQv6D,Related and informative
323879717306507264,historical_unknown,RT @michellemalkin: RT @JimArmstrongWBZ Entire Copley square area being evacuated. I'm being moved to Clarendon street. #wbz #bostonmarathon,Related and informative
323879759278923777,historical_unknown,"RT @RichelleCarey: BREAKING “@cnnbrk: Explosion reported near Boston Marathon finish line, CNN affiliate WCVB reports. http://t.co/PUl2j ...",Related and informative
323879973188419584,historical_unknown,RT @mjbrender: All those concerned for loved ones in the #BostonMarathon - you can see where they last checked in here: http://t.co/gQT2 ...,Related and informative
323880027697582080,historical_unknown,Thoughts and prayers to everyone affected by the Boston Marathon explosion today,Related - but not informative
323880044462219264,historical_unknown,I hope everyone in Boston is ok and I'm gonna pray for all the marathon runners.,Related - but not informative
323880602321448961,historical_unknown,RT @awmannes: This pic sure doesn't look good - “@thedailybeast: aftermath of the Boston Marathon bombing (via @brm90) http://t.co/jKO2o ...,Related - but not informative
323880610726834178,historical_unknown,RT @maevejrolf: I hope everyone is okay😔🙏 #PrayForBoston,Related - but not informative
323880648479748096,historical_unknown,RT @markweaver: Live updates of the Boston Marathon bomb http://t.co/FkNJHdSHZC,Related and informative
323880942081040384,historical_unknown,RT @FamousNobodies: #PrayforBoston  http://t.co/gI43vojykl,Related - but not informative
323881336316243968,historical_unknown,Live footage Boston marathon explosion http://t.co/CWoxLcc54x,Related and informative
323881852215631873,historical_unknown,"RT @spj_tweets: Social media chaos re: #BostonMarathon. Live video + lots of photos. Exercise ethics, journalists. It looks gruesome.",Related and informative
323882229707202561,historical_unknown,RT @QuotationMarks1: Please take a moment to pray for Boston. 2 bombs exploded near the marathon finish line with multiple causalities.,Related and informative
323882317791756288,historical_unknown,Thoughts &amp; prayers go out the victims of the Boston Marathon Explosion. So sad :( What's wrong with the world?,Related - but not informative
323882661720510464,historical_unknown,RT @Ken_Rosenthal: Thoughts and prayers for all those affected by the tragedy in Boston…just awful.,Related - but not informative
323882925982629888,historical_unknown,RT @msnbc: LIVE VIDEO: Explosion at Boston Marathon http://t.co/qTDvK2oRUc,Related and informative
323882946933178368,historical_unknown,Two explosions at Boston marathon finish line - Yahoo! News http://t.co/4Myds117tf via @YahooNews,Related and informative
323883236331761665,historical_unknown,RT @TeamRunner4Life: Thoughts &amp; prayers to everyone that was near the explosion by the Boston Marathon finish line. scary #BostonMar ...,Related - but not informative
323883693527674881,historical_unknown,RT @AARONS_WORLD: North Korea said they were going to strike the USA today and there goes an explosion at the Boston Marathon... SMH.,Related - but not informative
323883827762180097,historical_unknown,RT @tim_brannigan: Photo of the bomb actually exploding in the distance at #Boston marathon http://t.co/LA8LhMQVnF,Related and informative
323884020666626048,historical_unknown,RT @i0beyStyles: THERE WAS A FUCKIN EXPLOSION IN BOSTON AND HALF OF U MOTHERFUCKERS ARE DOING 5RTS ARE U FUCKIN KIDDING ME,Related - but not informative
323884519788789760,historical_unknown,RT @SportsCenter: BREAKING: Authorities are investigating a report of two explosions at the finish line of the Boston Marathon.,Related and informative
323884582703345665,historical_unknown,RT @Pink: Our thoughts and prayers are with everyone affected by the explosions in Boston. 😢,Related - but not informative
323884641419415554,historical_unknown,"RT @lauren11708: explosion in Boston , whyyy . when is this unnecessary violence ever going to end , on some real shit.. smh",Related - but not informative
323884742107873280,historical_unknown,RT @WSJ: Follow live coverage of the aftermath of two explosions at the finish line of the Boston Marathon: http://t.co/48ZPPOXJ6I,Related and informative
323885052498960384,historical_unknown,#prayforboston bless their hearts!,Related - but not informative
323885169922695168,historical_unknown,RT @BBCBreaking: WATCH LIVE: Two explosions near finish line of Boston Marathon leave unknown number of people injured http://t.co/X3ITf ...,Related and informative
323885429977911296,historical_unknown,Please don't let this be terrorists... #BostonMarathon #PrayforBoston,Related - but not informative
323885442556637185,historical_unknown,RT @rob_bieber: Finish Line Boston Marathon after explosion (second explosion seen in ba...: http://t.co/wCJi6hsjk0 via @youtube,Related and informative
323885576761794561,historical_unknown,Boston you're my home! My thoughts to those involved with this tragedy! I hope everyone is okay!!!,Related - but not informative
323885803266797568,historical_unknown,RT @BigBootyProbs: #PrayForBoston http://t.co/rVpnX46oSE,Related - but not informative
323885849412521985,historical_unknown,RT @Hobbknob: Watching the sky news video clip of the bomb going off in Boston. Absolutely mental scenes......,Related - but not informative
323885861991243776,historical_unknown,Deux explosions lors du marathon de Boston ont blessé de nombreuses personnes. Toutes nos pensées aux victimes. #sadnews,Related - but not informative
323886004593385472,historical_unknown,Boston hasn't seen a tragedy like this since the Boston Tea Party.,Related - but not informative
323886050709737472,historical_unknown,#PrayForBoston.. this is so sad.. :( my prayers are with all of them,Related - but not informative
323886088483643393,historical_unknown,RT @dailydot: 3 reported dead at Boston Marathon: http://t.co/MCbCE8uh9I,Related and informative
323886226878902272,historical_unknown,"RT @cnnbrk: Two blasts at #Boston Marathon have injured at least 6 people,some seriously; situation still developing. http://t.co/rCfe7P4JyR",Related and informative
323886243681284097,historical_unknown,RT @piersmorgan: BREAKING: CNN reports counter-terrorist cops now patrolling major landmarks here in NY after #BostonMarathon explosions.,Related and informative
323886612754870273,historical_unknown,I'm going to be raising money for #BostonMarathon it's not fair what happens to good people,Related - but not informative
323886671491915776,historical_unknown,RT @LauraLaneNYC: Three friends running in the Boston Marathon today. Thinking of them and their fellow runners and hoping everyone is safe.,Related - but not informative
323886994457501696,historical_unknown,RT @Podolski10: Praying for everyone at Boston Marathon!! #Bostonmarathon #Pray,Related - but not informative
323887120261468160,historical_unknown,RT @MarissaNBCLA: #BREAKING #BOSTONMARATHON former LAPD Chief William Bratton live on NBC News right now said one of his sources estimat ...,Related and informative
323887153811705858,historical_unknown,RT @cnnbrk: New York City has tightened security in wake of explosions at #Boston Marathon. We don't know extent of casualties. http://t ...,Related and informative
323887460008468480,historical_unknown,RT @KCRG: ABC News is reporting that air quality experts have been brought into Boston to ensure explosions were not a chemical attack.,Related and informative
323887648764735489,historical_unknown,RT @KaraKrystel: My heart goes out to all that were affected by the explosion in Boston.,Related - but not informative
323887661318303744,historical_unknown,RT @ItsJennaMarbles: #PrayForBoston http://t.co/JeZrZhsETU,Related - but not informative
323887665546149888,historical_unknown,#PrayForBoston 🙌🙏🙌🙏🙏,Related - but not informative
323887711649923074,historical_unknown,RT @WhiteGinga1999: #PrayForBoston Crazy bastards...........,Related - but not informative
323888097551077377,historical_unknown,New York Post reports 12 runners were killed in Boston marathon bombings.,Related and informative
323888118535163905,historical_unknown,wow. wow. wow. Praying for everyone in Boston. absolutely horrific. Speluation that it was a terrorist =-O,Related - but not informative
323888181441351681,historical_unknown,RT @BethanSheeran: woah oh my god this is horrible #prayforboston,Related - but not informative
323888198226956289,historical_unknown,Vice President just described on CNN a bombing not an explosion #Boston,Related and informative
323888298886041601,historical_unknown,"RT @mufc_blog: #prayforboston shocking scenes, tragic for everyone involved :(",Related - but not informative
323888353391042561,historical_unknown,RT @DapDMoney: Ok so about these explosions in Boston?!,Related - but not informative
323888378577817600,historical_unknown,RT @TheFireTracker2: Boston authorities asking people to limit cell phone use. Systems overloading #BostonMarathon #boston #UseText,Related and informative
323888458269614082,historical_unknown,RT @BostonGlobe: BREAKING NEWS: Two powerful explosions detonated in quick succession right next to the Boston Marathon finsh line this  ...,Related and informative
323888496001552384,historical_unknown,Wieder sterben unschuldige Menschen und das wahrscheinlich wieder für falsche Ideale. So wie jeden Tag auf dieser Welt. #bostonmarathon,Not applicable
323888600846581761,historical_unknown,RT @runnersworld: BREAKING: Bombs reported near Boston finish line http://t.co/NVjoKgy9Bz Will add as story develops. #BostonMarathon,Related and informative
323888730895171584,historical_unknown,"RT @AbbyWambach: Just heard about the tragedy at the Boston marathon. Please people, stop this. I beg you. #bostonmarathon",Related - but not informative
323888735093657600,historical_unknown,@backrubprincess I believe it was a controlled explosion - at least according to the Boston feed I follow. Still super scary!,Related - but not informative
323888860910194688,historical_unknown,"News reports are at least 3 dead, 30+ injured. #PrayForBoston #BostonMarathon http://t.co/FGrUsunirn",Related and informative
323889179664732160,historical_unknown,My thoughts and prayers go out to everyone injured at the Boston Marathon.  #onelove,Related - but not informative
323889984962695169,historical_unknown,"There may be another bomb in the JFK library, there are some sick people in this world #prayforboston",Related and informative
323890173735747584,historical_unknown,RT @dee_8689: Pray for all of the victims at the Boston marathon #PrayForBoston,Related - but not informative
323890249220648961,historical_unknown,RT @AnnieGelnaw: It's so sad that a person could just hurt innocent people #prayforboston,Related - but not informative
323890286981967872,historical_unknown,"Serious injuries reported, at least 6 hurt: A pair of explosions rocked the finish line at the Boston Marathon... http://t.co/gz5IQvNWi4",Related and informative
323890337317793793,historical_unknown,I just don't understand how these things keep happening. #prayforboston,Related - but not informative
323890354074046466,historical_unknown,RT @katyyperryyoxo: #prayforboston ♥,Related - but not informative
323890618315186177,historical_unknown,RT @samclaflin: My thoughts and best wishes to those in Boston right now #BostonMarathon.,Related - but not informative
323890790298427392,historical_unknown,"RT @KayCNN: Boston PD to CNN:  22 injured, 2 deaths in #Bostonmarathon explosions.",Related and informative
323890945475104769,historical_unknown,There are some really cruel and sick people in this world. I wish they'd all just disappear. This stuff should never happen. #PrayForBoston,Related - but not informative
323891075506905090,historical_unknown,We live in such a sick world 😔 #PrayForBoston,Related - but not informative
323891163566309376,historical_unknown,This world really sucks. #PrayForBoston,Related - but not informative
323891197137539072,historical_unknown,I really don't get why this happened #prayforboston,Related - but not informative
323891427815878656,historical_unknown,RT @JamesLiamCook: Unconfirmed Vine video of explosion in Boston. http://t.co/ZgGjWXSHDz,Related and informative
323891750764695552,historical_unknown,Nos pensées sont avec ceux présents au #bostonmarathon et leurs familles.,Not applicable
323891780162580480,historical_unknown,I just seen that explosions went off at the end of the Boston Marathon Wtf has the world come to?  That is just senseless violence,Related and informative
323891905983303681,historical_unknown,fuck the world.. wow ill never fail to be shocked by people #PrayForBoston,Related - but not informative
323892056974045184,historical_unknown,"Smh, bet the government made that bomb in Boston...",Related - but not informative
323892069561167873,historical_unknown,What a sickkkkk world we live in #PrayForBoston 🙏,Related - but not informative
323892195365113857,historical_unknown,Those poor people were raising money for their chosen charities. How could the human race do that to them! #prayforboston,Related - but not informative
323892627403571200,historical_unknown,Two Explosions Near Finish Line At Boston Marathon:  http://t.co/KyylES9DMY,Related and informative
323892820320583681,historical_unknown,RT @DinoSamona: Crazy what happened during the Boston Marathon. Prayers to all those involved 🙏.,Related - but not informative
323892824523276288,historical_unknown,RT @OfficialKat: Boston PD is saying to get on social media and tell people to stay away from The Boston marathon area AND the JFK libra ...,Related and informative
323893009089445888,historical_unknown,RT @Lauratobin1: Awful scenes at #bostonmarathon So sad lives have been lost.,Related - but not informative
323893046829780992,historical_unknown,RT @MalenaHarper: what has this world come to #prayforboston,Related - but not informative
323893059387535360,historical_unknown,Pray for the victims of the horrible explosions in Boston. God be with you all. #prayforboston,Related - but not informative
323893105524879360,historical_unknown,RT @aliciakeys: Shaken… My thoughts and prayers are with the city of Boston and those affected by this tragedy.,Related - but not informative
323893155860709376,historical_unknown,So awful what's happened in Boston. #prayforboston xx,Related - but not informative
323893378192384000,historical_unknown,Soutiens aux blessés et aux familles #prayforboston,Not applicable
323893415903379456,historical_unknown,RT @BuzzFeedNews: Red Cross: Where to donate blood following explosion at Boston Marathon http://t.co/OIt1JlJpLb,Related and informative
323893474623627264,historical_unknown,@__chloenicolle two terrorist attacks in Boston when the marathon was taking place two massive explosions 😔 so horrible,Related and informative
323893516579262464,historical_unknown,RT @08_Fitzy: When people said theres been a bomb on boston i thought they ment boston avenue. #WasAboutToGoDownMurdishaw,Related - but not informative
323893696921739265,historical_unknown,RT @LyricPostings: This makes me physically sick nobody deserves this! #PrayForBoston http://t.co/3w0tZyTy0c,Related - but not informative
323893734699839488,historical_unknown,My heart goes out to the people in Boston. another senseless tragedy. More dead/critically wounded. .and for what??. Evil begets evil..,Related - but not informative
323893747274366976,historical_unknown,RT @ashleycolley: The fake Boston Marathon account has been suspended. THANK YOU TWITTER!,Related - but not informative
323893843739176961,historical_unknown,RT @NBA_Wallpapers_: Thoughts go out to those in Boston. #PrayForBoston http://t.co/YATpJrebJS,Related - but not informative
323893915025563648,historical_unknown,RT @WeLoveFredo: THIS COULD SAVE LIVES! RT TO SPREAD THE WORD! #prayforboston http://t.co/wzC3tPh3PX,Related - but not informative
323894003143700480,historical_unknown,“@GigiGraciette #Boston PD asking ALL OFF-DUTY officers to report to work immediately. #BostonMarathon #PrayForBoston”,Related and informative
323894217023844352,historical_unknown,Praying for everyone in #boston #bostonmarathon,Related - but not informative
323894531617591296,historical_unknown,What the hell?! Bombs at the Boston marathon?! Keeping all the injures and families of the people that died in my thought. #saddness,Related - but not informative
323894560960954368,historical_unknown,RT @FellowshipLR: Praying God's healing &amp; comfort to all those injured &amp; affected by the incidents at the #BostonMarathon today.,Related - but not informative
323894581928288258,historical_unknown,"RT @NoRapist: I know this is not rape related, but one of my close friends died in the Boston explosion so if you could please get #Pray ...",Related - but not informative
323894607110881280,historical_unknown,RT @BDOG247: Hope it's not terrorism #BostonMarathon,Related - but not informative
323894695195471873,historical_unknown,RT @ShyhiemB: #PrayForBoston RT,Related - but not informative
323895118790815744,historical_unknown,RT @HugoAmazing: Thoughts and Prayers go out to all affected by the explosion at the Boston Marathon. 🙏 #prayforboston,Related - but not informative
323895156543721472,historical_unknown,RT @HuntsmanAbby: Heartbreaking to hear Newtown families were in VIP section right by the Boston Marathon explosion.,Related - but not informative
323895261422297088,historical_unknown,RT @EcheMadubuike: Explosions have been reported at the Boston Marathon finish line. RT to spread the word. #PrayforBoston http://t.co/B ...,Related and informative
323895492088037376,historical_unknown,"I can't deal with the world anymore, people are just so fucked up and sick, I'll be praying for the Boston marathon victims &amp; their families",Related - but not informative
323895546634977280,historical_unknown,Praying for the families injured in the Boston Marathon bomb blast xx,Related - but not informative
323895550829264896,historical_unknown,RT @USA_Swimming: Our thoughts are with all of those in Boston right now #BostonMarathon,Related - but not informative
323895575974141952,historical_unknown,RT @Boy1duh: My prayers go out to everyone a part of the Boston Marathon,Related - but not informative
323895634690199553,historical_unknown,"RT @CRoeckerath: Zwei weitere Bomben werden zur Stunde entschärft, meldet AP. #Boston #BostonMarathon",Not applicable
323895659868585984,historical_unknown,"Some people are evil, how could you sleep knowing you ended someone's life?! #prayforboston",Related - but not informative
323895710208651264,historical_unknown,Just heard the news about the Boston Marathon...  Absolutely heartbreaking...  Praying for everyone involved.,Related - but not informative
323895773127393281,historical_unknown,RT @AP: MORE: US official: 2 more explosives found at Boston marathon: http://t.co/KBDxuuE4kQ -CC,Related and informative
323895903129841664,historical_unknown,RT @FinnHarries: My thoughts and wishes go out to those effected in the Boston explosions. Such a sad and terrible thing to happen. #pra ...,Related - but not informative
323895924113952769,historical_unknown,RT @ErikaEnd0: People really suck. #prayforboston,Related - but not informative
323895987028504577,historical_unknown,RT @WLTX: Boston P.D. asking people on Social Media to tweet get out of the #BostonMarathon area immediately. #News19 http://t.co/vVCbixRSn8,Related and informative
323896037381111810,historical_unknown,RT @nytimes: A map of where the explosions occurred at the Boston Marathon: http://t.co/v0D2yqfcX4,Related and informative
323896146433015808,historical_unknown,"RT @iCatchLovato: IF YOU LIVE IN BOSTON OR NEAR IT, DO NOT USE ANY ELECTRONICS BECAUSE IT COULD TRIGGER ANOTHER BOMB. RT AND SPREAD.",Related and informative
323896221901139968,historical_unknown,"RT @AnonOpsLegion: Blood, glass, debris on sidewalk where one of two Boston Marathon explosions occurred: http://t.co/dZ9zQdLuP3  #Bosto ...",Related and informative
323896414839111681,historical_unknown,RT @BloombergNews: Second Boston Marathon explosion captured on video -- WATCH: http://t.co/US2HKmWwLH (Warning: graphic),Related and informative
323896708461363201,historical_unknown,RT @HuntsmanAbby: Heartbreaking to hear Newtown families were in VIP section right by the Boston Marathon explosion.,Related - but not informative
323896721027506176,historical_unknown,"Just seen the explosions at #bostonmarathon , this is unreal. My thoughts go out to all over there.",Related - but not informative
323896733614628864,historical_unknown,RT @SprtsHumor: Crazy news video of that first Boston Marathon explosion. #NotHumor http://t.co/Xm4Q7pWgg8,Related and informative
323897123701653505,historical_unknown,RT @cnnbrk: Officials investigating Boston Marathon explosions report finding what they believe are unexploded devices: http://t.co/rCfe ...,Related and informative
323897509565038592,historical_unknown,"RT @JahRastaMouse: Dem bomb di Boston marathon, watch dem bomb di Boston Tipton hotel wid Esteban an arwin an dem man dey yah",Not applicable
323898621063995393,historical_unknown,RT @ultramusic: Our thoughts and prayers go out to the victims and families affected by the recent Boston Marathon bombings :(,Related - but not informative
323898948228112385,historical_unknown,"RT @penialltration: Please rt, I am in Boston right now, I know someone who was injured and my family won't pick up #prayforboston",Related - but not informative
323899023700393984,historical_unknown,RT @hollywills: #prayforboston thoughts are with you...,Related - but not informative
323899120194560000,historical_unknown,RT @stephaniesmyth: #BREAKING:  Intelligence officials CONFIRM two more bombs found @BostonMarathon ; being dismantled flight restrictio ...,Related and informative
323899568947351552,historical_unknown,OMG #prayforboston http://t.co/pVn9Akz2AR,Related - but not informative
323899568964116481,historical_unknown,RT @C_Westling: Boston anses ha en samling av världens bästa sjukhus så de skadade får den bästa tänkbara vården. Alltid nåt. #PrayForBoston,Not applicable
323899845783982081,historical_unknown,RT @ionamatheson: What is wrong with people in this world! #bostonmarathon #rip,Related - but not informative
323900105839214592,historical_unknown,What's the matter with people! #prayforboston,Related - but not informative
323900252656652288,historical_unknown,RT @BostonDotCom: Terrifying video from the Boston Marathon finish line as the explosions went off: http://t.co/T3t20ZwrdY via @stevesilva,Related and informative
323900495888527363,historical_unknown,RT @bkeegan: Here's the Wikipedia article about #BostonMarathon #bombing to track on-going developments: http://t.co/qy6fMv67UK,Related and informative
323901007597801472,historical_unknown,RT @HuntsmanAbby: Heartbreaking to hear Newtown families were in VIP section right by the Boston Marathon explosion.,Related and informative
323901166985568257,historical_unknown,RT @Flotrack: Report: Surveillance photos before the blast show a man placing backpacks at both scenes of the explosions. #PrayForBoston,Related and informative
323901204759457792,historical_unknown,RT @Melmichelle22: Like seriously people are insane. Setting off bombs at an event such as the Boston marathon that critically injures p ...,Related - but not informative
323901460603629569,historical_unknown,Condolences to the victims of the Boston marathon explosions,Related - but not informative
323901687091826688,historical_unknown,RT @cnnbrk: Officials investigating Boston Marathon explosions report finding what they believe are unexploded devices: http://t.co/rCfe ...,Related and informative
323901888431005696,historical_unknown,RT @boystxts: Spread the word! It could save a life #prayforboston http://t.co/RKAsoAFeRE,Related - but not informative
323902341420036096,historical_unknown,RT @YourAnonNews: The @RedCross has a site up for Runners and Family of #BostonMarathon at http://t.co/218PE7JjsF #YAN,Related and informative
323902639177883649,historical_unknown,#prayforboston c'est inhumain ce qu'il s'est passé. Comment peut-on commettre des actes pareils ?,Not applicable
323902752440856576,historical_unknown,RT @NDJ_Official: 🙏 #BostonMarathon. Sick world we living in...,Related - but not informative
323902802776707073,historical_unknown,RT @JeffersonBethke: Tragic. Heartbreaking. #prayforboston!! RT @brm90 Streets after bomb at Boston Marathon. http://t.co/HCltbMa7xM,Related - but not informative
323902878253191168,historical_unknown,RT @FinnHarries: My thoughts and wishes go out to those effected in the Boston explosions. Such a sad and terrible thing to happen. #pra ...,Related - but not informative
323902941205499907,historical_unknown,RT @thebiebstagram: i close my eyes and i can see a better day. i close my eyes and pray... #prayforboston,Related - but not informative
323903398380445696,historical_unknown,RT @BFMTV: VIDÉO - Plusieurs morts et des dizaines de blessés après deux importantes explosions au marathon de Boston http://t.co/dZkfklJjFe,Related and informative
323903452893818881,historical_unknown,#prayforboston my thoughts&amp; prayers go out for those who got hurt in the bombing,Related - but not informative
323903540965810177,historical_unknown,RT @911BUFF: BOSTON: POLICE AND FBI URGING ANYONE WITH VIDEO OF THE FINISH LINE AT THE TIME OF THE EXPLOSION SHOULD PLEASE COME FORWARD. ...,Related and informative
323903675175149569,historical_unknown,"RT @googlemaps: If you have info about those in the #bostonmarathon or looking for someone,please visit the Person Finder to add data ht ...",Related and informative
323903763280711683,historical_unknown,RT @AP: BREAKING: Boston police commissioner: 3rd explosion at JFK Library,Related and informative
323903985578831872,historical_unknown,RT @NHL: We wish to express our sympathy to all those affected by the tragic events that took place in #Boston this afternoon.,Related - but not informative
323904178500038657,historical_unknown,RT @mrjakehumphrey: Number of people who ran TOWARDS the blasts in Boston to help the injured is the clearest of signals that terrorists ...,Related and informative
323904199471538179,historical_unknown,"RT @TheSimplyEpic: #PrayForBoston but not only Boston, pray for every country which people are suffering in.",Related - but not informative
323904199488327680,historical_unknown,@carlymazing: Person Finder: Boston Marathon Explosions: http://t.co/kMN4UjjRiv … RT guys! It can help someone! #prayforboston,Related and informative
323904325325832192,historical_unknown,"RT @RealRomaDowney: “@northlandchurch: Prayers going up for everyone at the Boston Marathon.”Yes God Be with them all,we are praying here",Related - but not informative
323904493089595393,historical_unknown,This world needs change. Desperately. #prayforboston,Related - but not informative
323904618889375745,historical_unknown,RT @HoodJesusYo: Ayy fam please pray fo da ppl at da #BostonMarathon. Those affected need yo prayers now and in da weeks to come #PrayFo ...,Related - but not informative
323904673423716352,historical_unknown,RT @michellemalkin: Beware of ghouls/vultures. MT @TwitchyTeam Fake Twitter accounts soliciting ‘donations’ for #bostonmarathon victims  ...,Related and informative
323904686035959808,historical_unknown,RT @Vuurmeesteres: #prayforboston kifesh deze?? #PrayForGaza die leven elke dag in onzekerheid met overal om zich heen bommen,Not applicable
323904698610503681,historical_unknown,RT @KimKardashian: My heart is breaking for everyone effected or injured in the explosion at the Boston Marathon. God bless you all! My  ...,Related - but not informative
323904740532551680,historical_unknown,"RT @ksdknews: Comm: Warning people to be cautious, holding another press conference at 6:00pm Central. #prayforboston",Related and informative
323905390645489665,historical_unknown,Such sad news about what's happening in Boston. Thoughts &amp; prayers out to all those affected by this horrific tragedy.,Related - but not informative
323905441010688000,historical_unknown,RT @mrjakehumphrey: Number of people who ran TOWARDS the blasts in Boston to help the injured is the clearest of signals that terrorists ...,Related and informative
323905461957062657,historical_unknown,my heart goes out to all the victims &amp; families of this tragic event ❤ #pray #for #boston #thoughts… http://t.co/J1tKh4O6OA,Related - but not informative
323905591984672769,historical_unknown,RT @DuncanBannatyne: Good people train &amp; run for others &amp; someone does this. WHY #prayforboston.  RT please,Related - but not informative
323905612952006656,historical_unknown,"RT @CdnPress: 2,032 Canadians were entered in 2013 Boston Marathon: http://t.co/B41yuLAZCF",Related - but not informative
323905843655499777,historical_unknown,America is being attack again !  #BostonMarathon #bomblast,Related - but not informative
323905856234221568,historical_unknown,Sick to my stomach. Can't believe this actually happened. #prayforboston,Related - but not informative
323905969463635970,historical_unknown,#prayforboston? Alguien me puede decir que paso? :s,Not applicable
323906074312851456,historical_unknown,RT @KingJames: Prayers goes out to those involved/hurt in #BostonMarathon. WTF is wrong with people man. Just sad,Related - but not informative
323906137239990272,historical_unknown,Oh deary me #BostonMarathon,Related - but not informative
323906191753375745,historical_unknown,“@SorryNotSoorry: #PrayForBoston. This is so extremely heartbreaking. http://t.co/ss5CQ3buLV” my heart goes out to all the victims,Related - but not informative
323906325987868674,historical_unknown,RT @OhDearOOMF: Need everyone to RT this. You could save a life. #PrayForBoston #RT http://t.co/P35A2XvGAl,Related - but not informative
323906518917451777,historical_unknown,Police Tweet Request for Video From Boston Marathon After Blast: The Boston Police Department tweeted a plea f... http://t.co/2FBlJdxum7,Related and informative
323907198415671296,historical_unknown,"they were doing a charity marathon...that's so heartless, they're innocent and they don'y deserve it. #prayforboston",Related - but not informative
323907236135063554,historical_unknown,"RT @orla_msc: wherever you live, please retweet this #prayforboston http://t.co/9icuRnaXuw",Related - but not informative
323907437499396096,historical_unknown,RT @TheMindBlowing: Boston Marathon and JFK Library blast victims need your help. #prayforboston and retweet this http://t.co/bJmfnk4DNk,Related - but not informative
323907496202862592,historical_unknown,#PrayforBoston I can't even believe...,Related - but not informative
323907563311751168,historical_unknown,RT @BreakingNews: Google rolls out Person Finder for those affected by Boston Marathon explosions http://t.co/S26qrQC5Zm,Related and informative
323907584295845889,historical_unknown,"RT @ialwaysloveJDB: It's disgusting how innocent people are loosing their lives, they didn't even do anything. #prayforboston",Related - but not informative
323907823354408960,historical_unknown,RT @TanyaBurr: So shocked and saddened by the explosions in Boston...why do people do this? #prayforboston,Related - but not informative
323907869504323584,historical_unknown,RT @HuntsmanAbby: Heartbreaking to hear Newtown families were in VIP section right by the Boston Marathon explosion.,Related - but not informative
323907953361055744,historical_unknown,"Pointless and harrowing, there is never a just excuse to hurt people, ever!! #prayforboston",Related - but not informative
323908049838415873,historical_unknown,"Between Sandy and bombs, it's not a good year for marathoners. After all that training. Real shame. #bostonmarathon",Related - but not informative
323908079227916290,historical_unknown,RT @PRyan: My thoughts and prayers are with the people in Boston. #PrayforBoston,Related - but not informative
323908121133215744,historical_unknown,RT @harryfletch_: #prayforboston the worlds gone bloody mad,Related - but not informative
323908137939763200,historical_unknown,RT @chillposts_: READ AND SPREAD!! #RT  #prayforboston 🙏 http://t.co/8Fpae9UKMi,Related - but not informative
323908200833355776,historical_unknown,RT @TheMindBlowing: #prayforboston BPD says stay away from Boston Marathon area &amp; JFK library. Together we can spread the word. PLS  ...,Related and informative
323908293112238081,historical_unknown,"Our thoughts and prayers are with all the victims, families and first responders affected by the tragic events in Boston today.",Related - but not informative
323908343439691776,historical_unknown,RT @nerdist: 2 explosions @ Boston Marathon: http://t.co/mNv38MMGLc Authorities request texting only 2 keep phone lines open. If you pra ...,Related and informative
323908393779728385,historical_unknown,"RT @mozzaharrystick: today is april 15th. the same day which the titanic sank, abraham lincoln was shot, &amp; now the boston marathon  ...",Related and informative
323908427329986560,historical_unknown,Prayers go out to the people and families of the Boston Tragedy #PrayersforBoston,Related - but not informative
323908469285588993,historical_unknown,"RT @BostonGlobe: MARATHON EXPLOSION: Toll rises to 2 dead, 64 wounded in Boston Marathon explosions.",Related and informative
323908595114713089,historical_unknown,Watching what happened at the Boston Marathon. So sad. #prayforboston,Related - but not informative
323908641235279873,historical_unknown,RT @MillieSabrina: I really admire @KeatonStromberg for slll taking away from E3's big moment to #PrayforBoston,Related - but not informative
323908842566086656,historical_unknown,RT @firstduephotos: BOSTON MA: #wbz news is WRONGLY reporting the JFK Library bomb was recent. It was NOT. BFD has been on scene since i ...,Related and informative
323908850946281473,historical_unknown,RT @TheAtlanticWire: Google releases a tool to help loved ones track down #BostonMarathon runners http://t.co/cpM7l1frlo,Related and informative
323908905484832768,historical_unknown,"RT @tracywatkins: Pray for my mom, she's ran the Boston marathon and we can't get ahold of her. #prayforboston",Related - but not informative
323909060657295360,historical_unknown,RT @jeanboileau: #Google lance un site pour les parents et victimes du #BostonMarathon #personfinder http://t.co/OecD9PZVys rt @stbslam,Not applicable
323909085852471296,historical_unknown,#prayforboston my heart goes out for those injured in the explosions. #bostonmarathon,Related - but not informative
323909119377559552,historical_unknown,"RT @MakaylaOwens2: “@ohabioh: this is what's wrong with the world. running for charity, now he has no legs. #prayforboston http://t.co/D ...",Related - but not informative
323909136154775552,historical_unknown,RT @josephstamper: wow...breaks my heart. #prayforboston,Related - but not informative
323909148741890048,historical_unknown,"RT @benfergusonshow: New York Post Reporting:12 dead, nearly 50 injured after 2 explosions rock Boston Marathon, suspect identified and  ...",Related and informative
323909148746059776,historical_unknown,"RT @CarsonRapsilver: God is good, even when the world is not. #John16 #PrayForBoston http://t.co/knPQNq7jXQ",Related - but not informative
323909203288813568,historical_unknown,"RT @Eoghan_Curran: Sadly Boston wasn't the only place to be bombed today, as 31 Iraqis were killed and 200 wounded in explosions this mo ...",Related - but not informative
323909295571861504,historical_unknown,@Real_Liam_Payne HI LIAM #PRAYFORBOSTON,Related - but not informative
323909459145547777,historical_unknown,"RT @SportsCenter: BREAKING: Boston PD reports 23 injuries, 2 deaths in marathon explosions. Reports say police are still finding second ...",Related and informative
323909488480509952,historical_unknown,"RT @mishacollins: Sometimes people really suck. Love you, Boston--my hometown. @brm90: Bomb at #Boston #marathon finish. http://t.co/wq ...",Related - but not informative
323909568176472064,historical_unknown,"RT @FoxNews: BREAKING: Boston Marathon HQ locked down after report of explosion, spokesman says  http://t.co/hDXhR7S2GN  #Bostonmarathon",Related and informative
323909580784533505,historical_unknown,RT @BostonTweet: Google has created a Person Finder for those affected by the #BostonMarathon explosions. http://t.co/2AH3ysDJEh,Related and informative
323909673029873665,historical_unknown,RT @subaru_usa: Our thoughts are with everyone affected by the tragic events unfolding in Boston today.,Related - but not informative
323909735965409280,historical_unknown,"So in light of new information, this IS an organized terrorist attack. So sad and screwed up. Stay safe and stay strong, Boston residents.",Related - but not informative
323910134399115265,historical_unknown,@kwild: RT @emamd: Google has a person finder up for the #boston explosions http://t.co/bmUEoILV0F,Related and informative
323910302188064769,historical_unknown,I JUST SAW THIS VIDEO OF BOSTON AND IM LEGTLY CRYING RN #prayforboston https://t.co/mXXSylkBr4,Related - but not informative
323910432228253696,historical_unknown,RT @google: Let your friends &amp; family know you're OK or locate your loved ones w/ Person Finder for the Boston explosions: http://t. ...,Related and informative
323911141036290048,historical_unknown,@iiTalk_uDont: “@DrayaFace: God bless the victims and families of the #BostonMarathon tragedy.”,Related - but not informative
323911216546332673,historical_unknown,AP: Mobilfunknetz in Boston abgeschaltet um Fernzündungen zu verhindern http://t.co/NdZj7B3CrQ #Boston #BostonMarathon,Not applicable
323911224930750464,historical_unknown,#PrayForBoston such a sick world we live in!!,Related - but not informative
323911304639295489,historical_unknown,RT @BostonGlobe: Google has created a Boston Marathon Explosion person finder http://t.co/SCeMAPAYMx  h/t @cmcloutier,Related and informative
323911359156871170,historical_unknown,@seanwbu: April 15th: Titanic sunk April 15th: Hillsborough Disaster April 15th: Boston Explosion. Holy shit and my mums birthday!!,Related - but not informative
323911690502696960,historical_unknown,RT @google: Let your friends &amp; family know you're OK or locate your loved ones w/ Person Finder for the Boston explosions: http://t. ...,Related and informative
323911736656793601,historical_unknown,RT @AnnCurry: For families in search of loved ones:  1-617-635-4520 #BostonMarathon,Related and informative
323911749231312896,historical_unknown,RT @Cadizzlemore: My thoughts and prayers go out to those affected by the bombs in Boston... this is all just so horrible. #prayforboston,Related - but not informative
323912126710312962,historical_unknown,RT @YahooNews: Photos of the aftermath of the Boston Marathon explosions from a witness at the scene: http://t.co/cmdLUBykGo,Related and informative
323912135103102977,historical_unknown,#prayforboston what's going on in this world?!?!,Related - but not informative
323912177029378048,historical_unknown,RT @MyJustinQuotes: THE MARATHON WAS FOR THE CHILDREN WHO DIED IN NEWTON AND YOU FUCKING BOMB THE MARATHON? OMFG THIS IS TO MUCH.. #pray ...,Related - but not informative
323912302883639296,historical_unknown,RT @franagudo: #PrayforBoston #PrayforBoston #PrayforBoston #PrayforBoston #PrayforBoston #PrayforBoston #PrayforBoston #PrayforBoston,Related - but not informative
323912617443872769,historical_unknown,RT @emitoms: There are reports of Boston Marathon runners crossing finish line and continuing to run to the Hospital to give blood to v ...,Related and informative
323912927822360578,historical_unknown,No puedo creer lo que esta pasando!!  #prayforboston,Not applicable
323913158492303360,historical_unknown,RT @Connor_Eli: Go to a movie? Get shot. Go to school? Get shot. Run a marathon? Get bombed. Such a selfish world this is. #PrayForBoston,Related - but not informative
323913187856613377,historical_unknown,RT @todayshow: Pres. Obama receives an update from the FBI director on #BostonMarathon blasts. (Credit: Pete Souza / White House) http:/ ...,Related and informative
323913577922715648,historical_unknown,RT @inecascos: que huevos hacer estoy en una maratón #PrayForBoston http://t.co/kbsJTZ1mNw,Related - but not informative
323913603109490688,historical_unknown,RT @Josh_Vintson: This is terrifying http://t.co/bxU3U3W0TA #PrayForBoston,Related - but not informative
323913829601914881,historical_unknown,RT @we_believejb: Help this girl find her family. Please RT and spread the word. #prayforboston http://t.co/ljlyC3pkFF,Related - but not informative
323913858949472256,historical_unknown,"“@GordonEdes: Asked if this was the work of terrorists, Boston police commissioner Ed Davis said you can draw your own conclusions.”",Related and informative
323914110620274688,historical_unknown,RT @TheCoachESPN: If you are trying to find a loved one in boston call 617-635-4500. If you have any info on the explosions call 1800-49 ...,Related and informative
323914479706464256,historical_unknown,RT @glvredcross: American Red Cross Statement on Boston Marathon Explosions  http://t.co/oHSN4hQC5w,Related and informative
323915029168672768,historical_unknown,RT @snugglinghazza: honestly everyone retweet this you could save a life please read #prayforboston http://t.co/hZq8j4S6p0,Related - but not informative
323915171770798080,historical_unknown,heart wrenching photo RT “@CBSSports: PHOTO: A bystander comforts a victim of today's attack in Boston. http://t.co/PxFr8gC9eE”,Related and informative
323915247259877377,historical_unknown,RT @samantha_june3: 😭🙏RT @Darkskin: IN BOSTON: He ran in dedication of the newtown kids and now he won't ever walk again #prayforboston  ...,Related - but not informative
323915364717195264,historical_unknown,RT @emitoms: There are reports of Boston Marathon runners crossing finish line and continuing to run to the Hospital to give blood to v ...,Related and informative
323915398288379905,historical_unknown,RT @JMaxey97: What a damn shame #prayforboston,Related - but not informative
323915771543683073,historical_unknown,RT @hannadianee: Hope everyone's ok #prayforboston,Related - but not informative
323915851252248577,historical_unknown,Sickened and saddened by the news of events in Boston today. #prayforboston,Related - but not informative
323915863851937792,historical_unknown,"RT @BiebersRobot: People at the Boston marathon are having a blast WHAT IS WRONG WITH YOU, SICK MINDED PEOPLE. INNOCENT LIVES HAVE BEE ...",Related - but not informative
323915943526932482,historical_unknown,Google Has Created A Person Finder For The Boston Marathon - digg: Pass it on. http://t.co/EiR1eg0Arw,Related and informative
323916086116487168,historical_unknown,"RT @NBCLA: At 3:10pm PT, Pres. Obama will address the nation about the #BostonMarathon explosions. We'll be livestreaming here: http://t ...",Related and informative
323916149039452160,historical_unknown,"RT @BryanJacoutot: 96 countries were represented at Boston Marathon today. This was an attack on the world. Not just Boston, not just Am ...",Related and informative
323916216148295683,historical_unknown,The boston marathon bombing photos and clips made me sick to my stomach. How could anyone do that to another human being #prayforboston,Related - but not informative
323916316836765697,historical_unknown,BOSTON: TERRORIST ATTACK! CNN AND CBS ARE OFFICIALLY CALLING THIS A TERRORIST ATTACK! #911BUFF,Related - but not informative
323916459417931779,historical_unknown,RT @Jades_BowtiesLM: “@definitelylouis: RT THIS GUYS ITS REALLY IMPORTANT #PrayforBoston http://t.co/eO1UNmdg9A”,Related - but not informative
323916702704365568,historical_unknown,#prayforboston estou chocada não sabia que era tão grave,Not applicable
323917138886815744,historical_unknown,RT @mylifeasafemale: My hearts go out to all those who are affected by this senseless tragedy 💔 #prayforboston,Related - but not informative
323917407322247168,historical_unknown,#prayforboston Todo mi apoyo para Boston.,Not applicable
323917424112054275,historical_unknown,RT @twhiddleston: The Boston Marathon bombing is horrifying and chilling. My thoughts and prayers are with victims and families.,Related - but not informative
323917612864114688,historical_unknown,RT @HuffingtonPost: How to help victims of the Boston Marathon bombings http://t.co/dUFWFcNH62,Related and informative
323917763850686464,historical_unknown,"RT @KrisSanchez: Video of the explosion at the #BostonMarathon - Seriously, there's way too much violence and hate in our world.  http:/ ...",Related and informative
323917780619513857,historical_unknown,Heart and prayers to folks in Boston. #BostonMarathon,Related - but not informative
323917910642946048,historical_unknown,RT @Karan1095: Lets #PrayForBoston.   Lets also #PrayForSyria #PrayForIraq #PrayForAfghanistan and all the others.  #RESPECT,Related - but not informative
323918019690639360,historical_unknown,RT @LovendPeace: #prayforboston 🙏👼,Related - but not informative
323918116163813376,historical_unknown,"RT @DemetriaSing: #PrayForBoston #PrayForNewYork #PrayForDC Please everyone stay safe, please make it home safely &lt;3",Related - but not informative
323918330094317568,historical_unknown,RT @BostonGlobe: Globe videos from the #BostonMarathon explosions. http://t.co/UgmAEzzH59,Related and informative
323918434960293888,historical_unknown,@joshhenderson: Just hearing about the explosions in Boston. Prayers going out to the victims and families. So sad..,Related - but not informative
323918611121061888,historical_unknown,RT @BMW_LifeMorals: Love is real and we have to do everything we can to keep it alive. - Topanga Lawrence #lifemorals #PrayforBoston,Related - but not informative
323918749499551745,historical_unknown,"Lord, our world really needs your help...😔 #prayforboston",Related - but not informative
323918808219799552,historical_unknown,"I close my eyes... And I can see a better day.. I close my eyes, and pray. #PrayForBoston.",Related - but not informative
323918841799376896,historical_unknown,Boston Police Commissioner Ed Davis: There is no suspect in custody. Stay with @CNNLive for continuing coverage #BostonMarathon @CNN,Related and informative
323918879527161857,historical_unknown,RT @goldnKATEbridge: Never wanted my city to be trending for such a bad reason #PrayForBoston,Related - but not informative
323918921465999362,historical_unknown,RT @abyjavaadmalik: EVERYONE TWETT THIS PICTURE SO EVERYONE CAN SEE IT. #prayforboston #boston #BostonMarathon http://t.co/VVM4wYM6I2,Related - but not informative
323919135400665088,historical_unknown,My prayers go out to the Boston Marathon victims today. #rip,Related - but not informative
323919470944993280,historical_unknown,"Perpustakaan JFK, Lokasi Ledakan Ketiga di Boston: Menyusul dua ledakan di dekat garis finish Boston Marathon, dua peledak te...  #TLNews",Not applicable
323919605171122177,historical_unknown,"RT @aceYthekidd: Us: You hear bout that shit in Boston? Co-Worker: Nah what? Us: Bombs at the marathon, folks dying. Co-Worker: I ...",Related - but not informative
323919680672763906,historical_unknown,RT @GovBrewer: My prayers and those of #Arizona go out to the victims of today's explosion in #Boston: http://t.co/RhIUvysCPQ,Related - but not informative
323919881999380480,historical_unknown,#PrayForBoston 😢people are really  screwed up  #PrayForBoston,Related - but not informative
323919991013527552,historical_unknown,"Boston Marathon Explosion Pictures and Video Released, Gets Live Internet Coverage http://t.co/SbNUzrzQzf #videos #world",Related and informative
323920167178493953,historical_unknown,"RT @Jenna_Marbles: Absolutely shocked and horrified about the Boston Marathon today.  My thoughts and prayers are with my family, friend ...",Related - but not informative
323920792150761472,historical_unknown,RT @DanielMartinAdv: Most inspiring story from #BostonMarathon: runners who finished the 26.2 miles and then ran over to Mass General Ho ...,Related - but not informative
323920980898631680,historical_unknown,RT @shagcaster: @_bal_ Yup. But I live in motherfucking Washington state. THOUSANDS OF MILES AWAY. I doubt that'll set a bomb in Boston off.,Related - but not informative
323921001861746689,historical_unknown,"@gchaverri1 Vale, #prayforboston y, #prayforgaza #prayforbagdad #prayforkabul etc?¿? Ah no, que no importan. Menuda cabeza la mia...",Not applicable
323921178026721280,historical_unknown,“@corien_xxx: RT @larrys_condom_ The child is so young this is disgraceful #PrayForBoston http://t.co/IccVB5yOHS” :'(,Related - but not informative
323922037854855168,historical_unknown,"RT @Megan_Miller_23: Please retweet this, no matter who you are. It could save lives. Spread the word. And stay safe! #PrayForBoston htt ...",Related - but not informative
323922209817120768,historical_unknown,"RT @cnnbrk: Explosion reported near Boston Marathon finish line, CNN affiliate WCVB reports. http://t.co/vvz4S6DdCR",Related and informative
323922411126939648,historical_unknown,RT @eNCAnews: US President Barack Obama: says police and emergency services responded heroically to this tragedy. #BostonMarathon,Related and informative
323922654413324288,historical_unknown,2day was supposed to be an amazing day to celebrate the release of chloe instead we are bringing out the #teaminspire in us #PrayforBoston&lt;3,Related - but not informative
323923690419003393,historical_unknown,1stly:tragic events at the #bostonmarathon.The inspirational acts shown not only 2 run for charity but 2 keep running 2 give blood #heroic,Related and informative
323923845591486465,historical_unknown,"RT @juankolopez36: Que triste lo de Boston, nose como hay gente que disfruta provocando atentados... #PrayForBoston",Not applicable
323924034339348480,historical_unknown,#prayforboston This has to be stopped. Sensless violence.,Related - but not informative
323924063695290368,historical_unknown,there are just no words for the images being leaked out of the victims of the bombings #lifealtering #prayforboston,Related - but not informative
323924088852717570,historical_unknown,RT @1DUpdatesOnline: #PrayForBoston http://t.co/J5PwZFlwg7,Related - but not informative
323924269241356288,historical_unknown,This breaks my heart !  #PrayForBoston http://t.co/DLYpypJFoU,Related - but not informative
323924449596436483,historical_unknown,Just found out about the tragedy in Boston. No words right now. #prayforboston,Related - but not informative
323924462141583360,historical_unknown,‘Multiple casualties’ after explosions at Boston Marathon finish line -  The blasts occurred a few seconds... http://t.co/NPI7KHrYDy  #Fox,Related and informative
323925330362507264,historical_unknown,RT @Akon: #PrayforBoston http://t.co/uCSg0HQzQN,Related - but not informative
323925686895140864,historical_unknown,this is why im so scared to do anything ever anymore you just never know #prayforboston,Related - but not informative
323926114701565954,historical_unknown,RT @betseyross: Obama will address nation re Boston bombing. Rumor is he blames an anti-Islam video &amp; conservatives #tcot #ncpol #lnyhbt,Related and informative
323926148272779265,historical_unknown,RT @_Snape_: The first responders who rushed in to help are truly incredible people. #Heroes #PrayForBoston,Related - but not informative
323926752256737280,historical_unknown,"RT @RobKardashian: My heart, love, and prayers go out to anyone affected by the sad events in Boston. #PrayForBoston",Related - but not informative
323926781600088064,historical_unknown,Our hearts go out to all those affected by the #Boston tragedy. @Google &amp; @RedCross tools: http://t.co/wtur54aVT0 http://t.co/TgK0uII55z,Related - but not informative
323926823568306176,historical_unknown,RT @LifeFacts: You go to watch a movie  You get shot  You run a marathon   You get bombed  I hate this world #prayforboston http://t.co/ ...,Related - but not informative
323927138107535360,historical_unknown,RT @AnneFoxyCoxy: Its a very sad state of affairs 😔 our thoughts are with you #prayforboston,Related - but not informative
323927284937523202,historical_unknown,RT @google: Let your friends &amp; family know you're OK or locate your loved ones w/ Person Finder for the Boston explosions: http://t. ...,Related and informative
323927318483591169,historical_unknown,RT @CardinalDolan: Join me in praying for those killed and injured in the Boston Marathon and JFK Library explosions.,Related - but not informative
323927544976003072,historical_unknown,RT @lala: Praying For Boston. #BostonMarathon My heart goes out to each &amp; every victim. This is senseless..,Related - but not informative
323927599493545984,historical_unknown,RT @JaiBrooks1: #prayforboston so horrible:(,Related - but not informative
323927616295956480,historical_unknown,"@Magicllamas_ During a marathon race, somebody put a bomb at,he finish line, killing two people and injuring MANY others.",Related and informative
323927721149353984,historical_unknown,RT @TWDJesus: #PrayForBoston My heart goes out to those involved..,Related - but not informative
323927830205444096,historical_unknown,"Exterminio a todos esos malditos terroristas,que dejen vivir en paz,libertad y tranquilidad...malditos despojos humanos #prayforboston",Not applicable
323928132170166272,historical_unknown,"RT @Prayer_Healing: On a day when I am afraid, I will trust you, God -- Psalm 56:3 #PrayForBoston",Related - but not informative
323928505450643458,historical_unknown,Listening to @justinbieber's song pray help thru the pain of how I feel about the bomb in Boston&lt;3 #PrayForBoston&lt;3,Related - but not informative
323928950051045377,historical_unknown,"RT @EdSheerrann: I don't care who you are, it only takes 5 seconds to RT and possibly save a life. #prayforboston http://t.co/cN00wibuZQ",Related - but not informative
323928992002478080,historical_unknown,RT @iamrashidajones: Don't take people for granted. Show love and kindness today. #prayforboston,Related - but not informative
323929377870061569,historical_unknown,DisHEARtening to HEAR about the senseless bombing in Boston. #PrayforBoston #UnhardentheirHEARts #HEARmyprayer | http://t.co/XnsgqRiDib,Related - but not informative
323929931514003456,historical_unknown,"To think that just a few months ago, we were all hearing about Newtown.  And now this.  #toomany #prayforboston",Related - but not informative
323929935746064384,historical_unknown,RT @michaelhayes: Devastating photo of Boston Marathon runners being halted after explosion http://t.co/FgYsL3X10O,Related and informative
323929973457039360,historical_unknown,“@Erinthemustache: #PrayForBoston”  #PrayForBoston  #PrayForBoston #PrayForBoston #PrayForBoston #PrayForBoston  #PrayForBoston,Related - but not informative
323930191560839168,historical_unknown,"#prayforboston i swear i don't understand how people can be so messed up, to think it's funny and cool to bomb a city as big as boston.",Related - but not informative
323930808161280000,historical_unknown,"RT @NBCNews: President Obama: 'We will find out who did this, and we will hold them accountable' http://t.co/IJT5hfpfzO #BostonMarathon",Related and informative
323930908803600384,historical_unknown,Its Really sad how sick some people are in this world. #prayforboston,Related - but not informative
323931114337079296,historical_unknown,"Security beefed up worldwide after multiple Boston blasts: Police in Los Angeles, New York City, London and ot... http://t.co/7rzAa4meIr",Related and informative
323931319828627457,historical_unknown,RT @Pau_DS: I'm so scared I mean I'm not from Boston but I'm scared :C Lets #prayforboston This image broke my heart poor people http:// ...,Related - but not informative
323931496001970176,historical_unknown,RT @cocktailouis: @NicolaPayne2788 please share this with everyone you don't have to mention me just tweet the picture #prayforboston ht ...,Related - but not informative
323932397781528576,historical_unknown,My prayers go to the #BostonMarathon victims 💗,Related - but not informative
323932498436427776,historical_unknown,So many people ecstatic as they finished the Marathon only moments before the horrible tragedy #bsu262 http://t.co/noIQj15ltn,Related - but not informative
323932682994192384,historical_unknown,RT @TinaBhatnagar: Its days like today that I feel really proud to work @twitter. Truly a lifeline during periods of tragedy. #prayforboston,Related - but not informative
323932733321641984,historical_unknown,RT @BillSimmons: Best way I can explain it: Marathon Monday is sacred in and around Boston. You spend it with friends and family. It's m ...,Related - but not informative
323932745900363776,historical_unknown,"110 lesionados y dos muertos?y los que faltan,¿acaso no tienen corazón o sentimientos?yo creo que no.  #PrayForBoston",Related - but not informative
323932792062873601,historical_unknown,#prayforboston Grosse pensée aux gens blessés,Not applicable
323932833989160960,historical_unknown,RT @BobbyDeSanzo: Boston marathon jokes really people.. 😐,Related and informative
323932859142373376,historical_unknown,RT @masg66: My friend is in Boston is saying kids from Newton were given seats the last mile of the marathon. There's an 8 yr old boy th ...,Related and informative
323933043687563264,historical_unknown,RT @NaY_BaY: #PrayForBoston 🙏🙏🙏,Related - but not informative
323933190492397569,historical_unknown,Pray for Boston #bostonmarathon #thoughtsbewiththevictims http://t.co/JFbwLvCYKK,Related - but not informative
323933345685835776,historical_unknown,RT @1drulesmylife: APRIL 15 WAS THE DAY LINCOLN WAS ASSASSINATED AND THE DAY THE TITANIC SANK AND NOW THIS TRAGEDY IN BOSTON THIS IS JUS ...,Related - but not informative
323933584777940992,historical_unknown,Just heard from my friend in Boston. She was running &amp; 3 miles from the explosion but ok. I'm shaking from the relief but also the tragedy.,Related - but not informative
323933756719255552,historical_unknown,Dozens of people seriously injured after two explosions at finish line of Boston Marathon,Related and informative
323935170229059584,historical_unknown,RT @BornToRaceMovie: #prayforboston http://t.co/ARrac8wzgu,Related - but not informative
323935199572402176,historical_unknown,All I can do is pray. #prayforboston,Related - but not informative
323935300235689985,historical_unknown,RT @_Snape_: An 8-year-old is among the dead. We must find out who did this. #PrayForBoston,Related and informative
323935384134361088,historical_unknown,RT @SarahJMBP: Prayers to everyone in Boston who were injured at the Boston marathon.☹,Related - but not informative
323935539311022080,historical_unknown,RT @NFL_Memes: #PrayForBoston http://t.co/rkWzzkg7Td,Related - but not informative
323935556075667457,historical_unknown,RT @BorisYu: @cnnbrk: WHDH: 8-year-old among the dead in #Boston Marathon terror attack. // so sad that this stuff happens in our world ...,Related and informative
323935627416588288,historical_unknown,RT @paramore: All our prayers and love to everyone affected by the explosions in Boston today. Unbelievable :(,Related - but not informative
323935711264907265,historical_unknown,"P reliable “@BreakingNews: Update: Hospitals report at least 105 injured, at least 15 critically, in Boston explosions - @AP”",Related and informative
323935837098221571,historical_unknown,RT @TimTebow: Wow... Praying for everyone effected by the explosions in Boston today.,Related - but not informative
323935870673625088,historical_unknown,RT @KaitlynGomez_: My prayers go out To Those In Boston.❤ 🙏 #PrayForBoston,Related - but not informative
323936063599017984,historical_unknown,"Ah lads, that footage from Boston bombing is horrifying...things like this help you have perspective on life...Im so sad, #ILoveBoston :(",Related - but not informative
323936105537867776,historical_unknown,McIntyre tweets he's OK after Boston marathon run http://t.co/VQqyVt6vfg,Related - but not informative
323936348832690176,historical_unknown,RT @NBCNews: Law enforcement official confirms that one of two people killed in today's explosions was eight years old. #BostonMarathon,Related and informative
323937313510023170,historical_unknown,RT @spurs: Our thoughts go out to everyone affected by the attack in Boston this afternoon.,Related - but not informative
323938127209197568,historical_unknown,RT @cnnbrk: At least 110 people have been treated at area hospitals after the #Boston Marathon bombings; 2 are dead. http://t.co/gEG7mH3hhr,Related and informative
323938471150493696,historical_unknown,RT @JaiBrooks1: #PrayforBoston http://t.co/mtabcBCPcf,Related - but not informative
323938638901673984,historical_unknown,RT @real_pasion: Joven consolando y ayudando a su novia. #PrayForBoston http://t.co/qOCocGvhpL,Not applicable
323938643087601664,historical_unknown,RT @twhiddleston: The Boston Marathon bombing is horrifying and chilling. My thoughts and prayers are with victims and families.,Related - but not informative
323939674882179074,historical_unknown,My timeline is full of celebrities around the world praying for Boston. Thank you all &lt;3 #PrayForBoston,Related - but not informative
323939796550557696,historical_unknown,“@RichMcD1234: My heart and prays go out to those affected by the explosion in Boston! I hope everyone is ok!”,Related - but not informative
323939918176985089,historical_unknown,"I close my eyes &amp; I can see a better day, I close my eyes &amp; pray❤ #prayforboston I don't want to live here anymore http://t.co/3yYtrUVRkv",Related - but not informative
323940018827718657,historical_unknown,People are sick 😔 #prayforboston,Related - but not informative
323940090130866176,historical_unknown,"RT @FillWerrell: He was running to support the kids from Sandy Hook, and now he will never run again. #PrayForBoston http://t.co/xEmpln25kt",Related - but not informative
323940761211117568,historical_unknown,RT @ChristinaNg27: A mom who was crossing the #BostonMarathon finish line as the first bomb went off told @DianeSawyer the scene was ho ...,Related and informative
323941419742027777,historical_unknown,"RT @USArmy: RT @MattHood21: These two #USArmy soldiers didn't need to be told to help, after running a marathon. #PrayForBoston http://t ...",Related - but not informative
323941595894403072,historical_unknown,RT @A_Ducktrumpet: My heart and prayers go out to everyone affected by the Boston Marathon explosions 🙏,Related - but not informative
323942778692325376,historical_unknown,DON'T SCROLL RT!  #prayforboston http://t.co/OGdPDsGn1C,Related - but not informative
323942820635373568,historical_unknown,"RT @nycjim: This is the most vivid, chaotic and frightening video so far of the Boston explosion, as it happened.  http://t.co/G1TuiIR6te",Related and informative
323943021961949185,historical_unknown,RT @TechCrunch: Boston Marathon Explosion Reportedly Injures Dozens․ Live Updates http://t.co/D0k8Cl9rIg by @ferenstein,Related and informative
323945005876146176,historical_unknown,Don't know anything if you weren't the one planting the bombs my God. #prayforboston,Related - but not informative
323945198805733376,historical_unknown,RT @ashleytisdale: So terrible &amp; scary to see such violence. Keeping everyone in #Boston in my thoughts today #prayforboston,Related - but not informative
323945307861827584,historical_unknown,#prayforboston #prayforboston #prayforboston #prayforboston,Related - but not informative
323945341391097856,historical_unknown,Our thoughts and prayers are with those affected by the explosions at the #bostonmarathon,Related - but not informative
323945744061038592,historical_unknown,RT @lefty_1998: 2 people plus a 8 year old boy passed away today at the Boston marathon and 132 people injured #PrayForBoston,Related and informative
323945848901869568,historical_unknown,RT @weyhey_ziall: the world we live in disgusts me #prayforboston http://t.co/hJs1TCQxft,Related - but not informative
323947480490311680,historical_unknown,RT @anniejclark: So unbelievably sad to hear about what happened in Boston. Praying for all those affected by this horrible tragedy. #Pr ...,Related - but not informative
323947614699651072,historical_unknown,"RT @sarahTW_TM: GUYS STOP SCROLLING DO NOT IGNORE THIS, NEWS CENTRES AND POLICE EVERYWHERE NEED TO SEE THIS!!!!!! #prayforboston http:// ...",Related - but not informative
323948159963373568,historical_unknown,RT @mealburez: The fact that Muslim was trending right along side Boston Marathon is really sad. #PrayForBoston,Related - but not informative
323949581861806081,historical_unknown,RT @kylieminogue: Sending love #PrayForBoston,Related - but not informative
323950160646373376,historical_unknown,RT @prayforbst: endless retweets #PrayForBoston http://t.co/zTLRuoXIKv,Related - but not informative
323951397974470658,historical_unknown,RT @911BUFF: BOSTON: POLICE AND FBI URGING ANYONE WITH VIDEO OF THE FINISH LINE AT THE TIME OF THE EXPLOSION SHOULD PLEASE COME FORWARD. ...,Related and informative
323953537090465794,historical_unknown,RT @SofiaDecio: I'm absolutely shocked watching the news about the tragedy in Boston. My heart goes out to victims or this horrid event. ...,Related - but not informative
323953608372649984,historical_unknown,"RT @RobertoLuongo_1: R.I.P to those who died in Boston! For every RT this gets, we will donate $2 to the city and victims. #prayforboston",Related - but not informative
323953646125608960,historical_unknown,RT @CoachKWisdom: All prayers go to victims and families of the people affected by the tragedy. #prayforboston,Related - but not informative
323956003332816898,historical_unknown,RT @JamesWright__: HE WAS WAITING AT THE FINISH LINE TO PROPOSE TO HER I'M CRYING THIS IS SO HEART BREAKING. #PRAYFORBOSTON http://t.co/ ...,Related - but not informative
323956951224569856,historical_unknown,"RT @HopeForBoston: R.I.P. to the 8 year-old girl who died in Boston's explosions, while running for the Sandy Hook kids. #prayforboston  ...",Related - but not informative
323957605548564483,historical_unknown,Glad my friends are all safe in that event. #prayforboston,Related - but not informative
323959115506388993,historical_unknown,RT @scooterbraun: Incredibly saddened by the news in Boston. My prayers go out to all those families suffering in this tragedy.,Related - but not informative
323959501373976578,historical_unknown,On Day 2 of my UNHappy Feet... :( ...with sympathy for #BostonMarathon tradegy.,Related - but not informative
323961120366948356,historical_unknown,RT @T_swaggga: In tears .This made me realize that you never know when your life will be taken away .Rest in peace 😔 #prayforboston http ...,Related - but not informative
323961636283092995,historical_unknown,RT @KoolSloth: R.I.P to this beautiful little girl. You’re with the angels now. #prayforboston http://t.co/IU27D2r2i7,Related - but not informative
323961820845060096,historical_unknown,RT @nbcnightlynews: Just in: Boston University student among those critically injured in marathon explosion,Related and informative
323962168963903488,historical_unknown,RT @Footballtweets3: I literally would beat the shit out of whoever did the bombings. 😡 #PrayforBoston,Related - but not informative
323962265403547648,historical_unknown,RT @Kaylaboos13: What happened in Boston is devastating. #PrayForBoston,Related - but not informative
323963301430194176,historical_unknown,“@miilkkk: show support for everyone affected by the tragic events today in Boston http://t.co/Uh9vhGFYBT” so crazy..,Related and informative
323964643603275776,historical_unknown,"#prayforboston such a sad thing again, one more person dead, why?",Related - but not informative
323964727476772864,historical_unknown,"3 killed, 40 injured in Boston blasts http://t.co/FzQanaX4b0",Related and informative
323966140953022464,historical_unknown,RT @NFL_Stats: New Update on Boston Marathon Explosion: At Least 3 dead and 130 injured. #prayforboston,Related and informative
323967466340487168,historical_unknown,"RT @HopeForBoston: R.I.P. to the 8 year-old girl who died in Boston's explosions, while running for the Sandy Hook kids. #prayforboston  ...",Related - but not informative
323967638315364352,historical_unknown,Lost all faith in humanity...#prayforboston,Related - but not informative
323968640783380480,historical_unknown,RT @bostonevolution: RT @liamwcvb: Mass General on lockdown. Suspicious device found in parking garage #WCVB #Boston #bostonmarathon #ma ...,Related and informative
323968963736399872,historical_unknown,RT @RedCross: Thanks to generosity of volunteer blood donors there is currently enough blood on the shelves to meet demand. #BostonMarathon,Related - but not informative
323969668379463680,historical_unknown,"RT @D_hagen: R.I.P. to the 8 year-old girl who died in Boston's explosion, while running for the Sandy Hook kids. #prayforboston http:// ...",Related and informative
323970259763740672,historical_unknown,Heart goes out to the people who were injured and killed during the Boston Marathon &lt;&lt; #unbelievable,Related - but not informative
323971094434426880,historical_unknown,"Please, please MT  ‏@ginadee1h You may not want to #prayforBoston, but on social media, isn't it a good idea to at least #pause for Boston?",Related - but not informative
323971941700616192,historical_unknown,"RT @dailybeasttv: 'This is what the Nazis did,' says Bill O'Reilly about #BostonMarathon attack. WATCH: http://t.co/vEQNaBQ2Vm",Related and informative
323972273042231297,historical_unknown,"RT @Moreno: R.I.P. to the 8 year-old girl who died in Boston's explosions, while running for the Sandy Hook kids #PrayForBoston http://t ...",Related - but not informative
323973015408885761,historical_unknown,People are still inherently good in this world. Don't let the actions of a few taint your view on the world. #prayforboston,Related - but not informative
323973124481748994,historical_unknown,"@RandyMeierFox9: How do we, as a country, stop the madness that was demonstrated at the Boston Marathon today? I wonder this all the time.",Related - but not informative
323973485183516672,historical_unknown,If you look@ videos from right after the explosions in Boston today you'll see some of those helpers in action http://t.co/aJPuuSeX9q,Related and informative
323974798009049088,historical_unknown,RT @TraxFMJKT: is sending all the prayers to all the victims of bomb tragedy at Boston Marathon #RIP :(,Related - but not informative
323975192273620992,historical_unknown,"RT @SchafferBerg: R.I.P. to the 8 year-old girl who died in Boston's explosions, while running for the Sandy Hook kids.#prayforboston ht ...",Related and informative
323975401997213698,historical_unknown,RT @GhettoChiIdren: My TL right now  PrayForBoston 🙏  BostonMarathon 🏃👣👣  Korea 👲💂  And some bitch talking about she lonely,Related - but not informative
323975561347211264,historical_unknown,"RT @HopeForBoston: R.I.P. to the 8 year-old girl who died in Boston's explosions, while running for the Sandy Hook kids. #prayforboston  ...",Related - but not informative
323977440399613952,historical_unknown,“@SpencerKlimek: I really wanna know who is behind this Boston Marathon bombing” who ever it is I hope they rot in 💥🔥🔥👇,Related - but not informative
323978186989899777,historical_unknown,"RT @JoshScobee10: Terrorists are cowards, plain and simple. Enjoy burning in hell for eternity. So sad. #prayforboston",Related - but not informative
323980560957579264,historical_unknown,"RT @LoveForBoston: R.I.P. to the 8 year-old girl who died in Boston's explosions, while running for the Sandy Hook kids. #prayforboston  ...",Related - but not informative
323980577739001856,historical_unknown,RT @thewanted: Our hearts go out to all those who are affected by this senseless tragedy #prayforboston,Related - but not informative
323981240443224065,historical_unknown,"RT @llama_ajol: #prayforboston stay strong, stay strong.",Related - but not informative
323983199199981568,historical_unknown,RT @ItsMelanieAmaro: Please everyone #prayforboston my heart goes out to all the injured and to the family and friends of those who pass ...,Related - but not informative
323983601836376066,historical_unknown,"An end to a very terrible day, could care less about the habs losing tho, my mind is on the poor victims in Boston #PRAYFORBOSTON",Related - but not informative
323985145344425985,historical_unknown,"Bomb blast in Boston, America. At least 3 dead, 141 injured in twin Boston Marathon blasts. http://t.co/V79al0nosS",Related and informative
323985149551325184,historical_unknown,So many people have had their hearts &amp; bodies broken at this event that should be a celebration of human endurance and will #prayforboston,Related - but not informative
323985178886291456,historical_unknown,@chrislhayes thanks for asking the most intelligent questions about boston marathon bombings all day #boston #realjournalism #monthrufri,Related - but not informative
323985594143367168,historical_unknown,RT @celtics: The Celtics honor those affected by the tragic events that took place today in Boston http://t.co/WwdcIa6ivi,Related and informative
323987531915984897,historical_unknown,"RT @joshuagates: An open letter to those responsible for today's bombings at the Boston Marathon: Like everyone else, I feel (cont) http ...",Related - but not informative
323988353974411264,historical_unknown,RT @iPrayForBoston: Facebook page about the boston explosions before the boston explosions happened #BostonMarathon #PrayForBoston http: ...,Related and informative
323988769231482881,historical_unknown,Thoughts and prayers #BostonMarathon,Related - but not informative
323990266585440256,historical_unknown,RT @ItsSiRobertson: Today is been a tough day...  Stay tough 'Merica! #PrayForBoston,Related - but not informative
323991780745965568,historical_unknown,RT @FoxNews: Boston police: At least 3 people killed in Boston Marathon bombing http://t.co/duV2IiwMRz #BostonMarathon,Related and informative
323992044987113472,historical_unknown,"RT @LoveForBoston: R.I.P. to the 8 year-old girl who died in Boston's explosions, while running for the Sandy Hook kids. #prayforboston  ...",Related and informative
323992212742496256,historical_unknown,"RT @Deadspin: VIDEO: interview with Bill Iffrig, the 78-year-old man in orange knocked down by the blast at the Boston Marathon: http:// ...",Related and informative
323994670613012480,historical_unknown,"RT @RealDopePostss_: The Boston bombing makes me so mad, whoever did it...I hope y'all rot in hell",Related - but not informative
323997552099876864,historical_unknown,RT @Niallatemytaco: Zayns a terrorist. Zayn bombed Boston. Zayn doesn't care about other people. http://t.co/T1K38gnqGT,Related - but not informative
323999200482320384,historical_unknown,Video: Detik-detik Ledakan Bom di \'Boston Marathon\' http://t.co/A53LeNTuRy,Not applicable
323999783457017856,historical_unknown,RT @miilkkk: show support for everyone affected by the tragic events today in Boston http://t.co/nET4rOreJw,Related - but not informative
324001134052274176,historical_unknown,"#PrayForBoston — Sí, también #PrayForGaza #PrayForAfrica #PrayForSiria #PrayForMexico! Y me quedo corta con la l... http://t.co/KIOwtDmFtF",Not applicable
324002354590519296,historical_unknown,RT @Sebelius: Plz RT: Call 1-800-985-5990 or text TalkWithUs to 66746 24/7 for immediate crisis counseling during #Boston tragedy. http: ...,Related and informative
324003025674960898,historical_unknown,I am honestly sick who could be so disgusting to do this to someone? We will get answers and find you #prayforboston,Related - but not informative
324006263673458688,historical_unknown,RT @msnNOW: Patton Oswalt reminds us of humanity's good side after Boston bombing http://t.co/BjtklYDKXT,Related - but not informative
324006355956531200,historical_unknown,"“@HopeForBoston: R.I.P. to the 8 year-old girl who died in Boston's explosions, while running for the Sandy Hook kids. #prayforboston 😪",Related and informative
324008067211608064,historical_unknown,RT @soutik: #Boston blasts ~ Twitter ravings and conspiracy theories begin http://t.co/KR1qVxQrQv BostonMarathon #terrorism,Related - but not informative
324011993096921088,historical_unknown,RT @Soy_Brent: #prayforboston http://t.co/GWWUeFi65U,Related - but not informative
324012144070914049,historical_unknown,#PrayForBoston :( http://t.co/vFHSDCBdpe,Related - but not informative
324014492885327873,historical_unknown,"@chrismurphys In the chaos if it all, a cop with his weapon drawn advances towards the blast area before turning and running #BostonMarathon",Related and informative
324015960912719872,historical_unknown,“@AngeloGuligado: “@ANCALERTS: Please beware of this fake Boston Marathon tweet 2/2:  http://t.co/H7QKY26pmb”” #bostonmarathon,Not related
324016153859088384,historical_unknown,RT @EbenOfficial: Continue to keep the people and their families involved in the Boston bombing in your prayers and thoughts #PrayForBoston,Related - but not informative
324017340826144769,historical_unknown,RT @JackLindstrom94: People can chill about Boston Marathon. More people have got injured from Justin bieber smoking pot so cool that shit.,Related - but not informative
324022776639930368,historical_unknown,Super tired and going to bed!! Night everyone!! #BostonMarathon #heartbroken #PrayForBoston,Related - but not informative
324024886366445568,historical_unknown,Photoset: usatodaysports: Examples of overwhelming kindness following the Boston Marathon explosions. http://t.co/a78PlMlDcZ,Related and informative
324029118419189760,historical_unknown,"RT @BobbyLeeGarza1: RIP to the 8 yr. old girl who died in the #BostonMarathon explosions, while running for Sandy Hook. #PrayForBoston h ...",Related and informative
324030670328451072,historical_unknown,@CraigyFerg loving your show for the Boston marathon atrocities. I don't like any other late show. Mostly because you are honest. Awesome,Related - but not informative
324032478090244096,historical_unknown,"RT @Ch3ls3aT: R.I.P. to the 8 year-old girl who died in Boston's explosions, running for the Sandy Hook kids. http://t.co/k7f41txh30” br ...",Related - but not informative
324033220482068480,historical_unknown,RT @davie_ferguson: We live in a sick world #prayforboston,Related - but not informative
324033522438377472,historical_unknown,RT @LiifeSentencess: #prayforboston ! http://t.co/3OWaZ6bohP,Related - but not informative
324035342766321664,historical_unknown,"3 killed, more than 100 injured in #BostonMarathon blast http://t.co/XkwL2wa8yy via @BostonDotCom",Related and informative
324035535716880384,historical_unknown,Saddened by the bombs that exploded in the crowded streets near the finish line of the Boston Marathon yesterday; Love to all those affected,Related - but not informative
324041357402443776,historical_unknown,RT @MiszAliyaDattu: Bombing in Iraq &amp; Boston today? What is going on?!,Related - but not informative
324050916221259778,historical_unknown,RT @NiamsNinja: I'm sorry for him. I feel his hurt. #prayforboston http://t.co/5HmdNpuj4o,Related - but not informative
324052174512459776,historical_unknown,"RT @xcanadjanboy: #prayforboston un bambino di 8 anni aspettava il padre al traguardo,a braccia aperte. non sa ancora che il padre non t ...",Related and informative
324052682048421890,historical_unknown,"Photo: copsandrobert: weird-happenings: Two days ago, a page was created on Facebook for the Boston Marathon... http://t.co/omuJJ5cTbc",Related - but not informative
324054137450926080,historical_unknown,RT @prayforbst: They're all happy running for finish line but suddenly someone ruined the marathon. #prayforboston http://t.co/uL2KSS16PV,Related - but not informative
324055051825979392,historical_unknown,"RT @DailyMailUS: At least 17 injured in Boston bombing are in critical condition, some not expected to survive the night http://t.co/yt9 ...",Related and informative
324057765511315456,historical_unknown,"POLICE NEEDS TO SEE THIS,IM SERIOUS. #prayforboston http://t.co/FwMcDbRcVj",Related - but not informative
324058965115822081,historical_unknown,Què triste y horrible lo ocurrido en Boston! Estoy con Todos de esos areas. #PrayForBoston,Related - but not informative
324061297119465472,historical_unknown,RT @BieberGuitar: #PrayForBoston x,Related - but not informative
324072244278083585,historical_unknown,Explosions at the Boston Marathon: http://t.co/4MGa4xftJD на @YouTube,Related and informative
324076254032703488,historical_unknown,"RT @Keegxn: C'est la fille de 8 ans qu'est morte à Boston ce soir, j'ai pas de mot. #PrayForBoston http://t.co/EuUDv7xjoK",Not applicable
324078988702146560,historical_unknown,With Big Support from my heart #BostonMarathon !!! Only #Peace,Related - but not informative
324079735279869952,historical_unknown,"RT @llama_ajol: The world is a dark place, lets be the light #prayforboston",Related - but not informative
324088954368446464,historical_unknown,RT @blindevei: Forferdelig. #prayforboston http://t.co/PKATwq948Q,Related - but not informative
324091047326126080,historical_unknown,"RT @HafizSam: Terrorists do bombings, not Muslims. Open your eyes America. Don't be an idiot. Know the facts first. #PrayForBoston. http ...",Related - but not informative
324094004323024898,historical_unknown,RT @steveaoki: sending love to everyone in boston... this is a horrible tragedy but amazing to hear how many people came out helping eac ...,Related - but not informative
324095958864502784,historical_unknown,Why are there people on this world who wants to hurt other people? I don't get it why do you want to make people sad and cry? #prayforboston,Related - but not informative
324101763772870657,historical_unknown,"RT @StrifyLoveless: #prayforboston  боже , каким же чудовищем надо быть чтобы совершить такое  просматриваю фото и у меня просто шок :с",Related - but not informative
324105169551912960,historical_unknown,RT @magnodetri: Not just boston had bombs today. Iraq did too. #prayforboston #prayforiraq http://t.co/yQdcn6kLuO,Related - but not informative
324105719001534465,historical_unknown,RT @garrettgee: Creeepy pic from the Boston Marathon. Bomber?? http://t.co/IRfQWGHZ4K,Related - but not informative
324107807760723968,historical_unknown,RT @luv1Dglee: #prayforboston ボストンの方々にとどきますように。 http://t.co/2s6vr4Gb5K,Not applicable
324111284847144960,historical_unknown,"RT @afowler06: R.I.P. to the 8 yr old boy who died in Boston's explosions, while running for the Sandy Hook kids. #PrayForBoston http:// ...",Related - but not informative
324112132117512192,historical_unknown,RT @team_world: #prayforboston non ci sono parole.,Related - but not informative
324115873398927362,historical_unknown,RT @LeRon__James: @neggerQ: Est-ce Brody ou Abu Nazie qui a frappé ?? Ce monde est fou on se croirait dans un film.. #prayforboston lo ...,Not applicable
324115969880510464,historical_unknown,"RT @DrHalina: Boston kena bomb, 2 org mati.. macam nak kiamat masuk berita. Iraq kena bomb dah 30 orang mati.. Ada orang peduli? Aper la ...",Not applicable
324128770908905473,historical_unknown,RT @GabrielMacht: Sending love to the victims and their families/friends that were affected by the explosion at the Boston Marathon. Ble ...,Related - but not informative
324134936527380480,historical_unknown,Joe Andruzzi helps Boston Marathon bombing victims - NFL News http://t.co/aIzsoxlWAI #sports,Related and informative
324138099040980992,historical_unknown,"RT @YourAnonNews: #BostonMarathon Update: 8 children injured, including a two-year-old boy in ICU with head injuries. 10 people have had ...",Related and informative
324138187100397568,historical_unknown,"RT @TheRock: Strength &amp; prayers to those in Boston impacted by the cowardly attack. People of Boston are proud, tough &amp; resilien ...",Related - but not informative
324138401014095872,historical_unknown,"An explosion in Boston and Iraq, an earthquake in Iran, the crisis in Syria, the crisis in Palestine.... Wtf is happening to the world?",Related - but not informative
324141173444849665,historical_unknown,RT @sinchaasunshine: #PrayForBoston http://t.co/TWQLS7K29t,Related - but not informative
324141181846028289,historical_unknown,RT @nextodrew: è morto un bimbo di 8 anni mentre aspettava di abbracciare suo padre al traguardo. #PrayForBoston,Not applicable
324141634818293760,historical_unknown,RT @EmmittSmith22: Sending love and prayers to those affected by today's tragedy in Boston...just terrible,Related - but not informative
324141878113099776,historical_unknown,"#VMGuru:  Sports: LeBron, Kobe, RG3, Mayweather &amp; Many More React To Marathon Tragedy in… http://t.co/o05IP5aES4",Related - but not informative
324142373015781377,historical_unknown,RT @EsmeraldaKiczek: The Lord is close to the brokenhearted and saves those who are crushed in spirit. ~Psalm 34:18 #PrayforBoston,Related - but not informative
324143761342988288,historical_unknown,RT @nprnews: Boston Marathon Explosions: Latest Developments http://t.co/J9lEyrIhjX,Related and informative
324144176570724352,historical_unknown,RT @MAlGhosoon: We are as muslims against what happened in Boston  This a photo from our Holy Book #prayforboston #BostonMarathon http:/ ...,Related - but not informative
324144453390594049,historical_unknown,RT @Jaredthecarrot: She lost her life in the Boston marathon . #rip . #rt . #respect . :') 8 years old girl :') . http://t.co/4v5eiCgrY2,Related - but not informative
324144587637678081,historical_unknown,From South Africa stay strong Boston Lots of Love and Support #prayforboston #southafrica,Related - but not informative
324147586548248577,historical_unknown,"RT @3PennyMovies “@HuffPostCanada: 'We hurt together, we help each other together' #BostonMarathon #bostonstrong”",Related - but not informative
324148022760071168,historical_unknown,#PrayForBoston Я в шоке!,Related - but not informative
324149574648344576,historical_unknown,RT @HaiMagazine: Fall Out Boy Sumbang Hasil Konser untuk Korban Boston Marathon. Salut! #prayforboston http://t.co/17YLva1gbw,Not applicable
324153877991653379,historical_unknown,RT @BuzzFeed: Boston Marathon tragedy met with unbelievable acts of kindness http://t.co/TD7ivgKCer http://t.co/eU2uhFtq23,Related and informative
324155304055037954,historical_unknown,RT @centrepointuk: London Marathon runners are urged to cross the line on Sunday with their #handsoverhearts in tribute to the Boston bo ...,Related - but not informative
324156826595766272,historical_unknown,Menino: Boston will overcome.  #BostonMarathon #bostonstrong,Related - but not informative
324157313151819776,historical_unknown,"Boston Bomb Update: FBI Special Agent Mission is clear, to bring to justice those responsible for the marathon bombing. No known...",Related and informative
324166335091318786,historical_unknown,Boston marathon: Arsenal v Everton minute's silence http://t.co/1AsBxR9pUy #arsenor #afc #arsenal,Not related
324166557368471553,historical_unknown,"RT @BostonMarathons: For each RT this gets, $1 will be donated to the victims of the Boston Marathon Explosions. #DonateToBoston",Related and informative
324167417217564674,historical_unknown,RT @RottenAppleTV: *A SENSELESS ACT OF VIOLENCE* THE BOSTON MARATHON EXPLOSION! [RAW VIDEO FOOTAGE OF EXPLOSION]... http://t.co/jsMPQ5SnPa,Related and informative
324170869150720000,historical_unknown,RT @blackpumahat: Most inspiring thing  - News stations reporting racers from #bostonmarathon running from finish line to nearby hospita ...,Related - but not informative
324171716383371264,historical_unknown,RT @DannyAmendola: I will DONATE $100 for EVERY pass I catch next season to whatever Boston Marathon Relief Fund there is. And $200 fo ...,Related and informative
324174069371121665,historical_unknown,RT @WeAreBruinsFans: Thank you Chicago. One of the most classiest things I've seen in a while.  #PrayForBoston http://t.co/2ZeLK2Sja5,Related - but not informative
324175336059314176,historical_unknown,RT @dpshow: Dan's Opening Monologue on Boston Tragedy http://t.co/EeaGt06ULa,Related - but not informative
324180562166304769,historical_unknown,RT @ryanpbroderick: People Are Currently Auctioning Off Their Boston Marathon Finishers Medals On eBay http://t.co/hGSDllrrgE via @buzzf ...,Related - but not informative
324182755770523650,historical_unknown,RT @kidrauhlavons: ashamed to be part of this world when inhumane things like this happen #PrayForBoston,Related - but not informative
324183624008220674,historical_unknown,The Boston Bombing Produces Familiar and Revealing Reactions:                       Glenn Gre... http://t.co/9t6AbasJuH,Related - but not informative
324183707898478593,historical_unknown,"RT @biggangVH1: Everyone pray for people in Boston. This was a tragic event that no one deserves, I'm praying for all of you http://t.co ...",Related - but not informative
324188384526471172,historical_unknown,RT @rtlinfo: Explosions à Boston: la famille de Bill le marathonien décimée http://t.co/IONYRKVwXo,Not applicable
324190376829284352,historical_unknown,"We feel sorrow and anger for what happened in Boston, but people killed in dozens in Syria  daily  #bostonmarathon  #Sryia #BostonExplosion",Related - but not informative
324193707119222784,historical_unknown,"En mi Tweeted Times: Google Person Finder:      Boston Marathon Explosions http://t.co/PNc8Knc31D, see more http://t.co/xpO9o2PrC3",Related - but not informative
324194076213788675,historical_unknown,Tragedy in #Boston: How to help  #ImpactYourWorld http://t.co/wXi0uRXJuN @CNN #BostonHelp,Related - but not informative
324203031040258048,historical_unknown,RT @JoshDevineDrums: Just heard the news about Boston :( :(sad sad times #prayforboston,Related - but not informative
324203626652389376,historical_unknown,RT @JohnBeattieNESN: We will walk to show that we decide when our marathon ends. #BCEagles #Boston http://t.co/jVA0YNg3tH,Not related
324204163519086593,historical_unknown,These post comparing foreign country's to Boston's bombing,Related - but not informative
324206973715349504,historical_unknown,"RT @fenvirantiviral: Doctors: bombs contained pellets, shrapnel and nails that hit victims #BostonMarathon @NBC6",Related and informative
324212082381836288,historical_unknown,"RT @fenvirantiviral: Doctors: bombs contained pellets, shrapnel and nails that hit victims #BostonMarathon @NBC6",Related and informative
324212908647137280,historical_unknown,I asked my dad how hes doing when I woke up this morning and his exact words were physically great but emotionally not good #prayforboston,Related - but not informative
324215840461438976,historical_unknown,RT @parkrun: parkrun worldwide are saddened by the recent events at the Boston Marathon. Any act of terrorism and the affect... http://t ...,Related - but not informative
324216666726744064,historical_unknown,RT @DANILOMONTERO_: Marathon Carnage: Explosions in Boston http://t.co/rpHoyaLyzD via @TIME,Related and informative
324223121777389570,historical_unknown,"Huntsville runner: Homeland Security asking Boston Marathon participants for photos, videos: Dink Taylor said ... http://t.co/W6KIsLGchw",Related and informative
324224287806472192,historical_unknown,Lets burn the whole Middle East enough already...wtf happened to peace an love for fcks sack#BostonMarathon,Related - but not informative
324226208780918784,historical_unknown,#PrayforBoston http://t.co/AhMAyXgf2Q,Related - but not informative
324227253158432769,historical_unknown,Andy Scott posted a story: Incredible: Joe Andruzzi Displays Heroic Act Of Kindness After Boston Marathon Expl... http://t.co/4HtyDV00Ll,Related and informative
324227437699403776,historical_unknown,RT @Sachez_Le_: Cette petite fille de 8 ans est morte dans les explosions de Boston pendant  qu'elle courait pour la course enfant.. htt ...,Not applicable
324232659633065984,historical_unknown,RT @Never4getBoston: For every retweet we receive we will donate $1.00 to the #BostonMarathon victims #PrayForBoston,Related - but not informative
324235918598877185,historical_unknown,"RT @BostonGlobe: Unfortunately, Monday's marathon bombing was hardly the first attack on a sporting event: http://t.co/pb53KoKDd8",Related and informative
324240846885101568,historical_unknown,"RT @1DAussieUpdates: They closed 1DWorld in Boston because of the bomb, for safety reasons via @REPLAYLOUDER",Related and informative
324248195305717760,historical_unknown,"RT @BarbaraNorro: Actions speak louder than words but if you act, act righteous. #prayforboston",Related - but not informative
324249482957033472,historical_unknown,- #PrayForBoston 😔👼🙏,Related - but not informative
324258601403314176,historical_unknown,RT @cnnbrk: Injuries in #Boston Marathon terror attack now at 183; 23 critical; at least 9 of the injured are children. http://t.co/9YZV ...,Related and informative
324264146277396481,historical_unknown,"Teridentifikasi, Korban Tewas Kedua di Boston Marathon: Korban tewas kedua, dari tiga korban tewas Boston Mara... http://t.co/HShndHrEWk",Not applicable
324269531759513602,historical_unknown,RT @LeeEvans_Comedy: For every retweet I will donate £2 to the Boston marathon tragedy! R.I.P!,Related - but not informative
324270420943597568,historical_unknown,RT @LeeEvans_Comedy: For every retweet I will donate £2 to the Boston marathon tragedy! R.I.P!,Related and informative
324271867965870080,historical_unknown,RT @kerryngerety: In just 20 hours BOS tech community has raised over $70K for #BostonMarathon victims. Let's hit $100K! http://t.co/eBW ...,Related and informative
324273663119605760,historical_unknown,RT @Deadspin: Here's a nice thing that one couple did after the marathon bombing: http://t.co/Q9wjfmxRgf,Related and informative
324275282137718785,historical_unknown,"Obama to travel to Boston on Thursday, attend interfaith service for marathon bombing victims http://t.co/UKySmyqp97 via @washingtonpost",Related and informative
324277928743550977,historical_unknown,Boston Marathon bombs: parents of victim Krystle Campbell 'thought she had ... - http://t.co/ubMWYN3aDc http://t.co/zDXCZyJo7O #News,Related and informative
324286933901668352,historical_unknown,RT @billneelyitv: Remember bomb at Atlanta Olympics 1996- home grown terrorists. Be cautious about pinning #Boston explosion on Al Qaeda ...,Related and informative
324287344960208896,historical_unknown,RT @carryonswag: #prayforboston http://t.co/h43pa361QK,Related - but not informative
324290746528186368,historical_unknown,RT @LeeEvans_Comedy: For every retweet I will donate £2 to the Boston marathon tragedy! R.I.P!,Related - but not informative
324291132425129984,historical_unknown,RT @JoshuaChavers: RT @JoshHarkinson 15 US soldiers did the Boston Marathon wearing 40-pound packs. Then they helped save lives. http:// ...,Related - but not informative
324292759798304768,historical_unknown,RT @PPAdvocacyMA: You can donate directly to those most affected by Monday's tragedy: http://t.co/UnEPxQcMCP #oneboston #bostonmarathon,Related and informative
324297931396104192,historical_unknown,"I just met someone who's family was in the Boston marathon. Sent chills down my spine. Nobody was hurt, still incredible",Not related
324299420336287744,historical_unknown,"@brainjunk @Yearofthedragon The Boston bombing delayed things, I don't want it lost in the shuffle. All edited and came across well...",Related - but not informative
324323713778585602,historical_unknown,RT @AllyBrooke: #prayforboston I am so so sorry for this tragedy.... :(,Related - but not informative
324324204503777280,historical_unknown,RT @Remroum: Saudi man injured in bombing in Boston. Saudi man called a terrorist suspect. Saudi man found to be a witness. #MediaFail,Related - but not informative
324326008054505472,historical_unknown,RT @AsdfghjklRey: Boston bombing was illuminati.,Related - but not informative
324333457134194688,historical_unknown,RT @BotoxAnnRomney: The reign of Queen #AnnRomney of #Botox -Her True Story -HALARIOUS !  #AfricanAmericans #bostonmarathon http://t.co/ ...,Not related
324337903079657472,historical_unknown,The running community turned out tonight in support of those affected by the tragedy at the Boston Marathon. Proud... http://t.co/yF5cEVzj5E,Related and informative
324340155429302272,historical_unknown,RT @Jon_CKmusic: #prayforboston God we need you right now,Related - but not informative
324340772008763394,historical_unknown,RT @nbcnightlynews: BREAKING: PHOTOS: FBI releases pictures of torn backpack &amp; mangled pressure cooker used in Boston bomb attack ht ...,Related and informative
324341447291711488,historical_unknown,Family Guy Episode at Center of Boston Marathon Conspiracy Theory Pulled from Web by Fox http://t.co/9OydXhGVkI,Related - but not informative
324351358427877376,historical_unknown,On the brightside I heard the Boston marathon was a blast.,Related - but not informative
324359654752780288,historical_unknown,RT @strangeveronica: A little girl lost her leg in Boston #Prayforboston,Related - but not informative
324381242831302656,historical_unknown,"RT @livinginsg: So now cos of the Boston bombings 'Muslims' is trending?  Wow, fuck stereotypes, not every bombing is done by a Muslim.",Related - but not informative
324383054762242049,historical_unknown,RT @myfoxmemphis: Mayor Tom Menino: We are Boston. We are one community. We will not let terror win. #oneboston #bostonmarathon  (ah),Related - but not informative
324402281485328385,historical_unknown,American Muslims revile #BostonMarathon terror attack | American Islamic Forum for Democracy: http://t.co/fmaIQHTuEg,Related and informative
324403107733839872,historical_unknown,TRUTH. Barney Frank On Boston Marathon Bombings: No Tax Cut Would Have Helped Us Deal with This: http://t.co/wgUQ6NehZM @TheFiscalTimes,Related and informative
324411114656002048,historical_unknown,pray for boston  #prayforboston  http://t.co/C0Wsz5DBJH,Related - but not informative
324414616925003776,historical_unknown,RT @juanmata10: Todo mi apoyo para las víctimas y heridos del atentado de la marathon de #Boston Una noticia terrible.,Related - but not informative
324421617222578176,historical_unknown,Idiot actor blames Boston attack on 2nd amendment -- http://t.co/Kw2N34IWse,Related - but not informative
324428248421380096,historical_unknown,#BostonMarathon Amen! http://t.co/B5cW4oGzIa,Related - but not informative
324448121004359680,historical_unknown,"@merlinconda HOW YOU CAN KNOW IF ZAYN IS THE ONE OF THE TERRORIST WHO BOMBING IN BOSTON!! HM, I GUESS U'RE A TERRORIST!",Related - but not informative
324493549519384577,historical_unknown,"RT @fenvirantiviral: From Sarasota to Boston, our thoughts go to the victims of the marathon bombings. We're saddened by loss of life an ...",Related - but not informative
324496867205451776,historical_unknown,"RT @BostonMarathons: For each RT this gets, $1 will be donated to the victims of the Boston Marathon Explosions. #DonateToBoston",Related and informative
324500323324530688,historical_unknown,"No more stories of Boston for Jwil, too many nightmares #prayforboston",Related - but not informative
324512088364044289,historical_unknown,Boston Marathon Tragedy Met With Unbelievable Acts Of Kindness http://t.co/qDYTulZVRX via @buzzfeed,Related and informative
324532879524777984,historical_unknown,"This Is Lu Lingzi, The Third Victim In The Boston Marathon Bombings http://t.co/uVjrpmxIox … via @buzzfeednews",Related and informative
324542828392886272,historical_unknown,"No more hurting people--Peace itu kata-kata terakhir Martin Richard, 8 tahun, yg menjadi korban Boston Bombing :( http://t.co/xduNiu3sTq",Not applicable
324553469342150656,historical_unknown,RT @jilevin Tea Party Congressman Uses Boston Marathon Bombing To Justify Opposing Immigration Reform http://t.co/UROMNldztS,Related - but not informative
324562235429122048,historical_unknown,Halfwit actor @jaymohr37 blames #Boston attack on gun culture: ’2nd amendment must go’ http://t.co/cm4tlTHKt6,Related - but not informative
324565569913368577,historical_unknown,RT @LoveForBoston: This is literally the saddest thing I have ever read #prayforboston http://t.co/Q3H4Pd69cM,Related - but not informative
324567776138248192,historical_unknown,RT @MailOnline: BREAKING NEWS: FBI announce 'substantial progress' in Boston bombing investigation http://t.co/tY5OIMUjcn,Related and informative
324569550328823808,historical_unknown,RT @RAGreeneCNN: BREAKING: Authorities believe they have identified a Boston Marathon bomb suspect - based on 2 video streams - source t ...,Related and informative
324570397553074178,historical_unknown,BREAKING NEWS: Official: Possible Boston Marathon bombing suspect seen in image at second bomb site,Related and informative
324571295150927873,historical_unknown,RT @YourAnonNews: LINK FIXED - Boston Marathon bombing suspect reportedly identified - http://t.co/7TAYlP25yz,Related and informative
324571303514361857,historical_unknown,RT @SkyNewsBreak: U.S. media reports: The FBI will announce they have identified a suspect in the Boston marathon bombings,Related and informative
324573581038190592,historical_unknown,#BreakingNews | Report: 'Substantial Progress' in Marathon Bombing Case | http://t.co/nKSfRu7dfU,Related and informative
324575523009347584,historical_unknown,RT @RT_America: BREAKING: Suspect in Boston bombing described as dark skinned male http://t.co/D140lE4GHY,Related and informative
324575875305725952,historical_unknown,RT @cbsboston: Report: Boston Marathon Bombings Suspect Identified In Surveillance Video - http://t.co/dtyY9ARPwL,Related and informative
324577708245925888,historical_unknown,China Mourns Boston Marathon Victim: Chinese Internet users mourned a Chinese graduate student who fell victim... http://t.co/opxrDr7tIv,Related and informative
324578446443425794,historical_unknown,"RT @WCVB: #BREAKING: According to @WuWCVB, an arrest in #BostonMarathon bombing is imminent or has already taken place.",Related and informative
324579759227023360,historical_unknown,RT @SkyNewsBreak: AP: Law enforcement officials say an arrest is imminent following the Boston marathon bombings,Related and informative
324579952173404161,historical_unknown,RT @Slate: RT @antderosa: John King on CNN - An arrest has been made in the investigation of Boston Marathon bombings,Related and informative
324580778442891264,historical_unknown,Tick-tock-tick-tock. Waiting for 'no terrorist can be #ROP follower' cry to reach its crescendo. ID'd #boston,Related - but not informative
324582653305180161,historical_unknown,"SportsCenter - Police have arrested suspect in connection with Monday's Boston Marathon bombings, CNN reports according to sources",Related and informative
324586365276794880,historical_unknown,Some days I hate social media! Everyone in a rush to be first to break news. What happened to journalistic integrity? #BostonMarathon #fb,Related - but not informative
324587036373831680,historical_unknown,Great news!  Official: Boston Marathon bomb suspect in custody (from @AP) http://t.co/t7ANhJg3FB,Related and informative
324592539296481282,historical_unknown,RT @Boston_Police: Despite reports to the contrary there has not been an arrest in the Marathon attack.,Related and informative
324592707043463168,historical_unknown,"RT @BreakingNews: Boston police: Despite reports to the contrary, there has not been an arrest in the marathon attack - @Boston_Police",Related and informative
324595852771479552,historical_unknown,"Devaul: In Boston Marathon bombings, 'Father, forgive them': When they came to the place that is called The S... http://t.co/B1lDJAia0n",Related - but not informative
324596582588755968,historical_unknown,RT @FOXSoccer: RT @MCFC #mcfc laid a wreath tonight for the victims &amp; all those affected by the Boston Marathon bombings #together h ...,Related - but not informative
324597236895977474,historical_unknown,"RT @YourAnonNews: While CNN is trying confuse &amp; distract the American public with Boston Marathon suspects, #CISPA just passed the H ...",Related - but not informative
324602131669741569,historical_unknown,Excellent article by @ggreenwald on the #BostonMarathon bomb blasts and the subsequent frenzy to blame Muslims...   http://t.co/qus99OyBoZ,Related and informative
324604300099715072,historical_unknown,New post: Family Guy Episode Pulled After Edited Online Clip Makes Light Of Boston Marathon Bombing! http://t.co/sysqpoFoiz,Related - but not informative
324604413366910976,historical_unknown,International Herald Tribune: video points to suspect in Marathon bombing #tomorrowspaperstoday http://t.co/OIsXxhYr07,Related and informative
324605721977176068,historical_unknown,"RT @6abc: RT @ABC: U.S. Marshals: Bomb threat made against the federal courthouse in Boston. At this time, no device found .http://t.co/ ...",Not related
324605747155570688,historical_unknown,"RT @StephenWalt: Why do media report any scrap of rumor or innuendo re Boston bombing suspect?  B/C as FOX proves every day, no penalty  ...",Related - but not informative
324621580636405761,historical_unknown,"RT @fenvirantiviral: Doctors: bombs contained pellets, shrapnel and nails that hit victims #BostonMarathon @NBC6",Related and informative
324623270961876992,historical_unknown,Still obsessed with the Boston bombing reports oops,Related - but not informative
324625422652428289,historical_unknown,"A prayer 4 those still mourning a terrible, unnecessary loss. http://t.co/P31H3WjB42 Still hurting #Newtown #BostonMarathon",Related - but not informative
324626727051616256,historical_unknown,"RT @GlobeDavidD: Boston College students postpone their walk to mark the Marathon bombings, after thousands indicate they'd come. http:/ ...",Related and informative
324638508876705794,historical_unknown,Boston Bombings Used as Malware Scam Bait: Malicious spam emails use keywords related to attack. http://t.co/jyhPWcNdjn,Related - but not informative
324651821589229568,historical_unknown,RT @Boston_Police: Despite reports to the contrary there has not been an arrest in the Marathon attack.,Related and informative
324652916310953984,historical_unknown,RT @TheOnion: Internet Comes Up With 8.5 Million Leads On Potential Boston Bombing Suspect http://t.co/sTL2rXUKRG,Related and informative
324670255555280896,historical_unknown,My profile picture is now Martin Richard who was killed in the Boston bombing. Such a young boy with such a big heart. Inspired by @DaneCook,Related and informative
324700425179762688,historical_unknown,RT @SportsCenter: MUST WATCH: Bruins fans sing emotional National Anthem in first home game since Boston Marathon bombings » http://t.co ...,Related - but not informative
324701771538776064,historical_unknown,#Helltotheyeah #coverup RT @Boazziz: The Saudi that was detained Re #BostonMarathon &amp; released (cont) http://t.co/PnoAheaZ6s,Related and informative
324705621905649664,historical_unknown,My #selfie #swaggypeacehope #justordinarygurl #prayforboston pray#selca I need more followers! #Pluuuuhease http://t.co/3bF25vbGnM,Related - but not informative
324707006034370560,historical_unknown,AM: Adversaries -- Even Cuba -- Set Beefs Aside to Mourn Boston Marathon: Adversaries -- Even Cuba -- Set Beefs... http://t.co/RQhYlbVRbN,Related and informative
324735330156699648,historical_unknown,Boston. Bangalore. Now Texas Factory Explosion. #enoughfornow Where's the world heading?,Related - but not informative
324736416485629952,historical_unknown,Emerson College community shows unity after seven students injured in Marathon blast http://t.co/S4bazZW7p2 via @BostonDotCom,Related and informative
324741541929316355,historical_unknown,Isaiah 40:31 right about now #prayforwest #bostonstrong #prayforboston,Related - but not informative
324742150115962882,historical_unknown,PH Consulate General in New York says definitely no Filipinos among casualties in Boston Marathon terror attack.,Related and informative
324750853309345792,historical_unknown,so many horrible things happening. Just hope peace comes soon. Cause this is getting scary. #PrayforTexas #PrayforBoston.,Related - but not informative
324757547405950978,historical_unknown,"Waco (20yrs AND today), okc bombing, columbine, VTech shooting, Boston bombing ALL happened in the same week in April? Wtf...",Related - but not informative
324773355716767744,historical_unknown,RT @thatssoRaeLynn_: An explosion in texas bombs in boston when is this going to stop america is falling to peices. #prayforBostonandTexas,Related - but not informative
324794964787740672,historical_unknown,#prayfortexas #PrayforBoston life is to short to dwell on little stuff,Related - but not informative
324847058026643456,historical_unknown,We now have the Boston bombing &amp; the explosion in Texas added alongside Virginia Tech for this week of mourning in April. #PrayForUsAll,Related - but not informative
324856960795176960,historical_unknown,@ESPN_Greeny heard the audio from Boston on my way to work this am &amp; saw flags waving. Teary-eyed by the end! #prayforboston #mike&amp;mike,Related - but not informative
324868922937577473,historical_unknown,RT @carlycarioli: RT @HuffingtonPost: 2 men propose after Boston Marathon attacks http://t.co/UdyrbbZpzi,Related and informative
324880935449395200,historical_unknown,#bostonstrong #prayforboston #bostonmarathon #proud http://t.co/HVVl298Ja2,Related - but not informative
324881220632727554,historical_unknown,RT @Yamiche: Spent the day at hospitals where Boston bombing victims were treated. Hoping those in Texas can persevere as well. http://t ...,Related - but not informative
324892490744332288,historical_unknown,"RT @JerkPru: Wow. This week marks the anniversaries for Columbine, Oklahoma City Bombing, VT, and now two more tragedies in Boston and W ...",Related and informative
324898127876349954,historical_unknown,RT @WHLive: Happening at 11ET: President Obama speaks at an interfaith service dedicated to victims of the bombing in Boston. http://t.c ...,Related and informative
324902297018720257,historical_unknown,RT @RodneySuccess: So far this week  - prayfortexas   - prayforboston   - two 14 year olds killed a homeless man as a dare  - bomb threa ...,Related and informative
324921586635378688,historical_unknown,Obama attends Boston bomb service: President Obama attends a service in Boston for victims of Monday's maratho... http://t.co/iwDzIZWDfr,Related and informative
324939534049607681,historical_unknown,RT @YourAnonNews: Question to #FBI. What are private military forces doing at #Boston marathon?! http://t.co/hT87yO6xWr via @57UN,Related and informative
324955623395586048,historical_unknown,Krachtige Reddit community op Boston: Will Reddit Help Solve Boston Bombing or Merely Accuse Innocent People?: http://t.co/4hChcXcbP1,Related and informative
324973415654105088,historical_unknown,RT @sternshow: H100 News: High Pitch obsesses on the tragedy in Boston. Is JD still upset with Jason? And the Rob Zombie opera songs htt ...,Related - but not informative
324977828074500097,historical_unknown,"RT @ArmyGuyGeorgia: Photos: Private military operatives hired to 'work' the Boston marathon with black backpacks, radiation detector...  ...",Related and informative
324978482364944385,historical_unknown,In these words there is all the power of a united Nation #Obama http://t.co/T3UEv4O95L via @whitehouse #BostonMarathon,Related and informative
324996958278270976,historical_unknown,"RT @fox25news: ONLY ON FOX 25: Photo of possible second Boston Marathon bomber, possible bomb before explosion #fox25 #fbi http://t.co/j2FB…",Related and informative
324997302207016960,historical_unknown,RT @chiquibabyLA: FBI FOTOS de los sospechosos #bostonmarathon bombings checalas y hazle share:  http://t.co/LYU5WY75Md,Related and informative
324998724059291648,historical_unknown,RT @BuzzFeed: Just released by the FBI: Suspect 1 and Suspect 2 in the Boston Marathon bombing  http://t.co/C9UAfcmGRy,Related and informative
324999512588435456,historical_unknown,RT @nytimes: Surveillance video shows two possible suspects in Boston Marathon bombing http://t.co/HYZhX9uVYP,Related and informative
325001152582270977,historical_unknown,Photo of Suspects 1 and 2 in the Boston Marathon Bombings. #boston #FBI #help http://t.co/REVNKpyQVY,Related and informative
325014511457280001,historical_unknown,RT @cnnbrk: FBI release this photo of 2 #Boston bombing suspects. http://t.co/pcuskSgjaF http://t.co/cU9uBnYsv5,Related and informative
325031917793734656,historical_unknown,RT @Kenny_Mayne: “@nytimes: Photos: The two men wanted for questioning in the Boston Marathon bombing http://t.co/UEtgf5armf”  Let's try ...,Related and informative
325035642339852289,historical_unknown,RT @BestEarthPix: PICTURES OF THE BOSTON MARATHON BOMBING SUSPECTS! RT TO HELP FIND THEM &gt;&gt;&gt; http://t.co/BgM5wkM10u,Related and informative
325040650326257665,historical_unknown,"RT @MassStatePolice: BOSTON MARATHON BOMBING SUSPECTS. IF YOU RECOGNIZE EITHER OF THEM, CALL 1-800-CALL-FBI IMMEDIATELY. http://t.co/NEh ...",Related and informative
325060732653821952,historical_unknown,"RT @MassStatePolice: Those of you retweeting and sharing Marathon bomb suspect photos, you will help bring them to justice, and bring ju ...",Related - but not informative
325070396363767811,historical_unknown,RT @BuzzFeed: RT @jaredbkeller: EXCLUSIVE: Boston bombing victim in iconic photo helped FBI identify attackers | http://t.co/07O3JKrg34,Related and informative
325087622361923584,historical_unknown,"Bombing in Boston, Waco explosion and now a shooting at MIT. What is going on in this nation..",Related - but not informative
325091690815844352,historical_unknown,RT @southerrnnbelle: It breaks my heart for all the people in Boston #prayforboston,Related - but not informative
325095222432378881,historical_unknown,Going to be VERY emotional tmrw at Fenway for first #RedSox game since marathon tragedy. #BostonStrong,Related - but not informative
325103644594827265,historical_unknown,"Boston Marathon, Texas, MIT... At this point we need to stop praying for specific locations and instead #prayfortheworld",Related - but not informative
325113287299698689,historical_unknown,"RT @ElaineLiner: If these bomb-throwing carjackers in Boston turn out to be the FBI suspects, ABC, CBS, NBC, Fox, CNN et al look like id ...",Related - but not informative
325114088394997760,historical_unknown,#prayforboston #prayforbaghdad #prayforafghanistan #prayforsiriya #prayforpalestine #prayforsomalia… http://t.co/1tBDbgQdTO,Related - but not informative
325122166620295168,historical_unknown,Just found out there was a shooting at MIT. Does anyone know if this is related to the Boston bombing in any way?,Related - but not informative
325122858684674049,historical_unknown,"What a week!  Marathon bombing, MIT shooting, police chase to Watertown, and fertilizer plant, which was an accident.  What next?",Related and informative
325122925810290689,historical_unknown,RT @AKitz: Backpacks left on laurel st. Bomb squad is out #mit #mitshooting #boston http://t.co/0A3Mjmshkz,Related and informative
325125102645673984,historical_unknown,RT @morandiniblog: EN DIRECT - Tirs et explosions à l'Université de Boston: Au moins un policier tué #boston http://t.co/fc2gfgEmSS,Related - but not informative
325133277369364483,historical_unknown,"RT @BuzzFeedNews: BREAKING: One Marathon bombing suspect has been caught, and another is on the loose in Watertown. (@BostonGlobe)",Related and informative
325140617392959488,historical_unknown,RT @AustinVesely: This is the first time the police have confirmed on the scanner that these are the Marathon bombing suspects. #Boston #Wa…,Related and informative
325142311874990080,historical_unknown,"http://t.co/qHNkh3GXfL - Chaotic scene in Boston area after explosions, gunfire, fatal shooting of MIT campus officer",Related and informative
325143326909136896,historical_unknown,RT @SeanKellyTV: State Police officially say possible link to marathon bombing and likely link to murder of MIT officer.,Related and informative
325144132223897600,historical_unknown,RT @Daily_Star: VIDEO UPDATE: Footage of gunfire and explosions in #Boston as cops search for killer: http://t.co/bicl5nVn30,Related and informative
325146330034999298,historical_unknown,People in Boston needs Prayers yet again tonight ! ... #Marathon #Boston,Related - but not informative
325158602560118784,historical_unknown,RT @stforeigndesk: Captured #BostonMarathon bomb suspect is dead: US media #breaking,Related and informative
325173970485784578,historical_unknown,One Boston bombing suspect is presumed dead; the other still at large....catch the bitch,Related and informative
325174322824101889,historical_unknown,RT @jaredbkeller: EXCLUSIVE: Boston bombing victim in iconic photo helped FBI identify attackers | http://t.co/if5zTWTsB7,Related and informative
325176155701407744,historical_unknown,RT @BBCNewsUS: #Watertown: Police search for white-capped #Boston Marathon bomb suspect on the loose after shooting and carjacking htt ...,Related and informative
325179741835497473,historical_unknown,they'll find the second #BostonMarathon bombing suspect dead somewhere or he won't be taken alive...,Related - but not informative
325180589118484480,historical_unknown,"RT @SavannahGuthrie: Live coverage on NBC now of major developments in #Bostonmarathon attack; 1 suspect dead, 1 at large.",Related and informative
325187727790321664,historical_unknown,"RT @BreakingNews: Residents west of Boston told to 'stay home' amid search for bomb suspect, transit shut down - @AP; more:  http://t.co/9p…",Related and informative
325197450203783168,historical_unknown,"RT @BuzzFeedAndrew: RT @AP: BREAKING: AP sources: Boston bomb suspects from Russia region near Chechnya, lived in US at least 1 year.",Related and informative
325198607819091968,historical_unknown,"RT @MichaelSkolnik: BREAKING: AP: Surviving Boston bomb suspect identified as Dzhokhar A. Tsarnaev, 19, of Cambridge, Mass.",Related and informative
325201992643395584,historical_unknown,RT @RT_com: BREAKING: PHOTO of surviving Boston bomber Dzhokhar Tsarnaev from his social network account http://t.co/ADWuRPRvvR http://t.co…,Related and informative
325202500149968896,historical_unknown,"RT @YahooNews: BREAKING: Surviving Boston bombing suspect IDd as Dzokhar A. Tsarnaev, 19, living in Cambridge, Mass., one year @AP",Related and informative
325204542763442176,historical_unknown,RT @RT_com: MORE: FBI PHOTO of Boston bombing suspect &amp; photo of Dzhokhar Tsarnaev from his VKontakte page http://t.co/ADWuRPRvvR ht ...,Related and informative
325207508127977473,historical_unknown,"RT @nprnews: NPR's Dina Temple-Raston says 19-year-old suspect Dzhokar Tsarnaev is alive. His 20-year-old brother, known as suspect #1,  ...",Related and informative
325210305724563456,historical_unknown,"Boston marathon bombing suspect killed, another at large after explosions and gun fighting- @ky_enquirer",Related and informative
325210821661687809,historical_unknown,RT @xzy_: RT @russian_market: Djohar Tsarnaev writes in his social network: Personal priority: Career and Money. #Boston http://t.co/Gho7…,Related and informative
325213891854483456,historical_unknown,#Watertown: Djohar Tsarnaev's profile. Last seen: yesterday at 8:04 pm http://t.co/YJ9BgVIWUr,Related and informative
325214567175176192,historical_unknown,"RT @CNBC: BREAKING: 1 suspect in Boston marathon bombings is dead and one remains at large and is considered armed and dangerous, officials…",Related and informative
325221353546477568,historical_unknown,RT @BuzzFeedBen: Tamerlan Tsarnaev's YouTube Page Focused On Islam http://t.co/yCgK51DWx6 … via @buzzfeed,Related and informative
325227305276416001,historical_unknown,"Somewhere right now, a film producer is having the screenplay written for the Boston bombing. Only in America.",Related - but not informative
325227854717665280,historical_unknown,Tersangka Bom Boston yang Tewas Bernama Tamerlan Tsarnaev: Identitas tersangka bom panci Boston mulai terungka... http://t.co/2sNyhbSZfo,Not applicable
325231038169247747,historical_unknown,Boston Marathon Bombing Suspect Killed; Another At Large http://t.co/heOVgrwbjf,Related and informative
325231935750283266,historical_unknown,"#Marathon Bombing suspect number 1 trained at Allston #MMA gym Wai Kru. Used to train there, unreal....",Related and informative
325233483473620992,historical_unknown,#boston #explosion wäre in Deutschland auch ein Polizeieinsatz live im TV? ?? Mir fällt Gladbeck ein!!!!!,Not applicable
325235274454007808,historical_unknown,"RT @YesYoureRacist: ATTENTION, RACISTS: The Boston bombing suspects are from the actual Caucasus region, meaning they *literally could n ...",Related - but not informative
325236075549323264,historical_unknown,The only thing lamer than making a fake twitter account for the Boston terrorists is actually following them. #LAMELAMELAME!,Related - but not informative
325236864086859777,historical_unknown,RT @MaxTollensJr: The Boston terror attacks illustrates two points: don't move so fast on immigration reform and don't give up 2nd amend ...,Related - but not informative
325237988156121089,historical_unknown,RT @CBSNews: UPDATE: The FBI has released a new photo of the second Boston Marathon suspect being actively pursued. PHOTO: http://t.co/p ...,Related and informative
325238281749012481,historical_unknown,RT @Boston_Police: #WANTED: Suspect identified as 19 year-old Dzhokhar Tsarnaev of Cambridge. Suspect considered armed &amp; dangerous. htt…,Related and informative
325243306512625664,historical_unknown,RT @HuffPostPol: RT @HuffingtonPost: The FBI has released a new photo of suspect Dzhokhar Tsarnaev http://t.co/tFQXn9rm1z,Related and informative
325244455777103872,historical_unknown,RT @CarlosSaavedra2: Are we going to blame the world/immigrants/outsiders or actually fight against war and violence? #BostonMarathon,Related - but not informative
325245726655385600,historical_unknown,If only I could be in #PalmSprings this weekend for @DianaNyad #24hr #HurricaneSandy &amp; #BostonMarathon nonstop swim. I would dive in w/ you!,Not related
325247211418034176,historical_unknown,"RT @SportsCenter: BREAKING: Suspect #1 in Boston Marathon bombing shot and killed by police. Suspect #2 on the run, massive manhunt unde ...",Related and informative
325247878324969473,historical_unknown,RT @EhabZ: Boston suspect's twitter @Dzhokhar_ ... He doesn't seem like a terrorist.,Related - but not informative
325253402210738176,historical_unknown,RT @GlobalRevLive: Bangladeshi Beaten In Bronx For Being An ‘Arab’ After Boston Bomb http://t.co/KzVp69lKvP,Related and informative
325257638461988864,historical_unknown,"Boston Marathon Bombing Media Errors Pile Up, as Does the Outrage http://t.co/5jL1SwP5MU via @thedailybeast",Related and informative
325266526183759873,historical_unknown,"RT @kennygw: The Redditor pulls out a crumpled note and looks into his webcam. “Dzhokhar likes ranch dressing, Miss Lippy’s car—is green.”",Related - but not informative
325268443005870080,historical_unknown,Dzhokhar Tsarnaev has Cold Blooded on,Related - but not informative
325270665957634049,historical_unknown,"RT @Reagan_Girl: A TERRORISTIC THREAT? Boston Bomb Suspect Dad Tells Son to Surrender, Says 'All Hell Will Break Loose' if Son Dies http ...",Related and informative
325272721183350784,historical_unknown,RT @MegatronCBI: In Grand Theft Auto Dzhokhar A. Tsarnaev would have 6 stars,Related - but not informative
325273044140580865,historical_unknown,"RT @iTweetFacts: Bombing suspect Dzhokhar Tsarnaev received US citizenship on Sept 11, 2012 -- 11 yrs to the day after 9/11 attacks. #ma ...",Related and informative
325273136411054080,historical_unknown,RT @ChirpHard: any one else want to get in line for the gauntlet and let Dzhokhar Tsarnaev skate through? #BostonStrong,Related - but not informative
325273794937765888,historical_unknown,"[CNBC] Manhunt Hits Travel, Logan Flights Running: Amid the bombing manhunt, Boston train and bus services wer... http://t.co/7IrOxEWN1E",Related and informative
325273853641240577,historical_unknown,The Uncle of Boston Bombing suspect now is speaking live @CNN,Related and informative
325276630253711360,historical_unknown,"RT @Milenio: FOTO: Los hermanos rusos Dzhokhar y Tamerlan #Tsarnaev de 19 y 26 años, los sospechosos del atentado en #Boston  http://t.c ...",Related and informative
325279012639342593,historical_unknown,"@YourAnonNews lot of people N of boston (malden,medford, everett, stoneham) losing power/reports of attack on grid in niagara? confirmation?",Not related
325279402705440769,historical_unknown,"So,I'm keeping up with the bombers from the boston marathon bombing...the F.B.I is really great,I must say..",Related - but not informative
325280220594712578,historical_unknown,RT @AdrienneBatra: .@TheTorontoSun Aunt of Boston marathon bombing suspects lives in #Toronto. @sunreporteryuen exclusive interview http ...,Related and informative
325280363217838080,historical_unknown,My heart hurts for #boston but then the coffee shop bombing in Iraq that killed 27 makes my brain hurt too. C'mon humans. We must get better,Related - but not informative
325289477432016898,historical_unknown,THIS IS DZHOKHAR'S ACTUAL TWITTER WTF https://t.co/KnQO5STGlF,Related and informative
325290492441018369,historical_unknown,Uncle Of Marathon Bombing Suspects Speaks: http://t.co/ZkvjLQJE8y #Boston,Related and informative
325290995782651905,historical_unknown,Re: Boston Marathon bombing suspects.  http://t.co/Dflh0NhTAD …. Please read this....and please RT,Related and informative
325294896485371904,historical_unknown,Pro-Moscow Chechen leader blames US for Boston bombing | http://t.co/BmYpxKgVSv... http://t.co/irbFPN0355,Related and informative
325299489223086083,historical_unknown,"RT @RuxandraGuidi: Was afraid of this: #Immigration reform being tied to #BostonMarathon attacks, since suspects were immigrants. http://t.…",Related - but not informative
325304530763935744,historical_unknown,Suspect's father thinks they were set up.  Suspect's uncle says they did this because they're losers. #bostonbombing #bostonmarathon,Related and informative
325307651351252994,historical_unknown,RT @BuzzFeedNews: This photo of the Boston bombing suspect and 8-year-old Martin Richard is heartbreaking http://t.co/EomijeEB6X,Related and informative
325309320663281665,historical_unknown,RT @CP24: Toronto woman identifying herself as aunt of Boston bombing suspects demands to see more evidence from FBI  http://t.co/yAph9bfkpb,Related and informative
325312843887026176,historical_unknown,RT @140elect: Dzhokhar Tsarnaev's uncle Ruslan Tsarni is a true American. Watch his interview. Truly powerful: http://t.co/LEgEpfv0CG #W ...,Related and informative
325323874898161664,historical_unknown,Rush Limbaugh on how Obama pal Bill Ayres got his start with Boston Bombing-type acts... http://t.co/vkkAO2uV1H,Related - but not informative
325325695226101760,historical_unknown,RT @Boston_Police: #WANTED: Search for 19 yr-old Dzhokhar Tsarnaev continues. Suspect armed &amp; dangerous. Call 1(800) CALL-FBI. http://t…,Related and informative
325328060842905600,historical_unknown,RT @Boston_Police: #WANTED: Search for 19 yr-old Dzhokhar Tsarnaev continues. Suspect armed &amp; dangerous. Call 1(800) CALL-FBI. http://t…,Related and informative
325329721774723072,historical_unknown,When they catch the Boston terrorist they should make him sit in the Boston Bruins bench during a game. No one would bomb America ever again,Related - but not informative
325330736779497472,historical_unknown,"Marathon bomb suspect eludes police, hunt shuts Boston down: WATERTOWN, Massachusetts (Reuters) - Black Hawk helicopters and heavily ...",Related and informative
325332943016968193,historical_unknown,"RT @RT_com: URGENT: This is a set up, my son would never ever carry out such terror attack - Tsarnaev brothers' mother Zubeidat Tsarnaeva…",Related - but not informative
325333064614039554,historical_unknown,"URGENT: This is a set up, my son would never ever carry out such terror attack - Tsarnaev brothers' mother Zubeidat Tsarnaeva",Related and informative
325335799333785602,historical_unknown,"Possible twitter account of #BostonMarathon terrorist Dzhokhar Tsarnaev, from Chechya . http://t.co/73TvJkshsI #BostonBombing #Manhunt",Related and informative
325338026492444672,historical_unknown,"Hey Reddit, Enough Boston Bombing Vigilantism (Alexis Madrigal) http://t.co/Ww7K5kEtUA http://t.co/LKgB47mSVD",Related and informative
325343927861387264,historical_unknown,The song #Pray by Justin Bieber goes out to all the people that has lost someone in the bombing in #Boston! I pray for u! #PrayForBoston,Related - but not informative
325350965937074177,historical_unknown,Apparently the bombing in Boston was by Chechen people (some sort of Russian) so glad my peeps escaped that one haha,Related - but not informative
325353604150079488,historical_unknown,RT @the_ironsheik: If the Dzhokhar Tsarnaev in front of me now I run over his mother than put the dumb bitch in camel clutch while Nikolai …,Related - but not informative
325355021795463169,historical_unknown,RT @NBCNews: #BostonMarathon suspect on Twitter after Boston bombing: 'Stay safe' http://t.co/f6Fx26t36y,Related and informative
325356330418315265,historical_unknown,I rly hope they find Dzhokhar Tsarnaev ALIVE so they can blow his ass up with his own pressure cooker bomb. #MSNBC #THIRTYSIXHOURSSTRAIGHT,Related - but not informative
325360726082461697,historical_unknown,RT @domf_says: someone called the police to my house because they thought I was the Boston marathon bomber.....I just was interrogated. #ho…,Related and informative
325368292598489090,historical_unknown,"RT @OurGreatAmerica: Dzhokhar Tsarnaev,   I have bad news for you. We never lose at Hide and Seek, just ask Bin Laden and Saddam. Good Luck…",Related - but not informative
325371509625454592,historical_unknown,RT @Deadspin: VIDEO: CNN on an empty Boston: It's as though a bomb had dropped. Oh? http://t.co/NqkoDGYd2s,Related - but not informative
325379675943747585,historical_unknown,"RT @Yousefzadeh: If the stay indoors order can be lifted even though Dzhokhar Tsarnaev hasn't been captured, what was the point of instit…",Related - but not informative
325385854140940288,historical_unknown,RT @Deadspin: VIDEO: CNN on an empty Boston: It's as though a bomb had dropped. Oh? http://t.co/NqkoDGYd2s,Related and informative
325388756582543360,historical_unknown,I will be so disappointed if Tsarnaev is killed.,Related - but not informative
325392887980363776,historical_unknown,RT @mclarkhamilton BOMB SQUAD has arrived on scene of SWAT and POLICE engagement with suspect 2 #Watertown #Boston,Related and informative
325393236111794177,historical_unknown,"RT @ACSpollen: Tamerian Tsarnaev questioned in 2011 by the FBI and released? Well done FBI, well done. #BestOfTheBestOfTheBest",Related and informative
325393642950893569,historical_unknown,RT @BuzzFeedNews: Chilling photo of Boston bombing suspects at the marathon (h/t @justinjm1) http://t.co/ews5O45fsg http://t.co/WKYmybuJuz,Related and informative
325396675428495361,historical_unknown,"#MITshooting #BostonMarathon Chopper says flash bang are by the bow, suspect in stern, a good distance from the grenade",Related and informative
325397329756700674,historical_unknown,El tío del sospechoso Dzhokhar: 'Entrégate y pide perdón' http://t.co/EiZdkzUTh6 vía @diarioas,Not applicable
325399141679243264,historical_unknown,RT @watertowntab: RT @PetesWire BREAKING: Better shot of boat where suspected #bostonmarathon bomber was hiding out. #wbz http://t.co/oBW3r…,Related and informative
325402018980188161,historical_unknown,"If this were Grand Theft Auto, Dzhokhar Tsarnaev would definitely have 6 stars right now.",Related - but not informative
325402681684398080,historical_unknown,"RT @RT_America: CISPA: Worse Than Patriot Act, Texas Blast Safety, Boston Bombing &amp; Overlooked Tragedies [VIDEO] http://t.co/CSGUlwvbBH…",Related - but not informative
325403281486647298,historical_unknown,"RT @OurGreatAmerica: Dzhokhar Tsarnaev,   I have bad news for you. We never lose at Hide and Seek, just ask Bin Laden and Saddam. Good Luck…",Related and informative
325405613511286785,historical_unknown,RT @BuzzFeedAndrew: RT @CBSNews: FBI now acknowledges they interviewed Tsarnaev 2 years ago at the request of a foreign country about possi…,Related and informative
325406083256573954,historical_unknown,"the suspect is normal kid, he used to hang out and smoke pot fox news guy just said about dzhokhar",Related and informative
325407320605609984,historical_unknown,"@DaynaOG yeah, Westboro Baptists bomb the Boston Marathon, WTC, and Pentagon, killing 1000s of Americans ... NEVER.",Related - but not informative
325408398520750080,historical_unknown,RT @BostonGlobe: BREAKING NEWS: Three people taken into custody in New Bedford as part of Boston Marathon terror bombing investigation.,Related and informative
325408549519896577,historical_unknown,"RT @OurGreatAmerica: Dzhokhar Tsarnaev,   I have bad news for you. We never lose at Hide and Seek, just ask Bin Laden and Saddam. Good Luck…",Related - but not informative
325408893440241664,historical_unknown,RT @BostonGlobe: BREAKING NEWS: Three people taken into custody in New Bedford as part of Boston Marathon terror bombing investigation.,Related and informative
325409480672149505,historical_unknown,RT @BIGGALLAGHER: They should put catch the terrorist mode in the next call of duty #boston,Related - but not informative
325409740693831681,historical_unknown,RT @SoVeryAwkward: That awkward moment when Dzhokhar Tsarnaev doesn't realize that boats only work on water. #manhunt #BostonManhunt,Related - but not informative
325410294367133697,historical_unknown,RT @BostonGlobe: BREAKING NEWS: Boston Marathon terror bombing suspect has been arrested.,Related and informative
325410327917371392,historical_unknown,RT @taosecurity: “@BostonGlobe: Dzhokhar Tsarnaev IN CUSTODY!” Good work LE!!,Related and informative
325410667643416576,historical_unknown,RT @BostonDotCom: BREAKING NEWS: Boston Marathon terror bombing suspect has been arrested.,Related and informative
325410688610742273,historical_unknown,"RT @UberFacts: Boston bomber, Dzhokhar Tsarnaev has finally been arrested and is in custody.",Related and informative
325410873147535360,historical_unknown,Why Would his Name Ever Be Dzhokhar Tsarnaev. Tf,Related - but not informative
325411024142467073,historical_unknown,RT @ABallPlayerLife: Boston Bombing suspect #2 #GotHeeeem,Related and informative
325411137388675075,historical_unknown,All of the officers involved in taking Tsarnaev into custody will never have to buy their own drinks again.,Related - but not informative
325411166778171392,historical_unknown,RT @PBandJenelley_1: GOT HIM!!!!!! #PrayForBoston,Related - but not informative
325411292586319872,historical_unknown,RT @_Snape_: Dzhokhar Tsarnaev is in custody. Bring him to Azkaban! #BostonManhunt #Manhunt,Related and informative
325412223734394880,historical_unknown,"RT @UberFacts: Boston bomber, Dzhokhar Tsarnaev has finally been arrested and is in custody.",Related and informative
325412848673112064,historical_unknown,"RT @BostonDotCom: State official: Tsarnaev is Alive, conscious, captured.''",Related and informative
325413066806263809,historical_unknown,"RT @ABC: #Breaking: Boston Bomb Suspect Taken into Custody, Police Say http://t.co/qMngWbjfBl http://t.co/vc3hnqmG1q",Related and informative
325415650463989762,historical_unknown,Boston police: The second suspect in this week's Boston Marathon bombings is in custody after an extensive manhunt -- CNN,Related and informative
325416636158971904,historical_unknown,"RT @_Snape_: Dzhokhar Tsarnaev's name rearranged is Hazard Over, Thanks. You know who else had a rearranged name? Lord Voldemort. #Boston…",Related - but not informative
325416682266963970,historical_unknown,"RT @_Snape_: Dzhokhar Tsarnaev's name rearranged is Hazard Over, Thanks. You know who else had a rearranged name? Lord Voldemort. #Boston…",Not related
325417898606731264,historical_unknown,RT @DvllGxd: Sir are you Terroist? DZHOKHAR replies BITCH I MIGHT BE,Related and informative
325419341480878081,historical_unknown,"As punishment for the suspect in the Boston bombings,they should shove a bomb up his ass",Related - but not informative
325420784287891457,historical_unknown,"RT @Honest_Southern: Hey Dzhokhar Tsarnaev, I have one word for you: America 🇺🇸",Related - but not informative
325420805288755201,historical_unknown,"RT @TheFPShow: We can rest easy now, it appears that Spiderman himself has joined the search for the Boston Marathon bomber! http://t.co/MB…",Related - but not informative
325421740601774080,historical_unknown,Shots fired three doors down from my house on Franklin. Tsarnaev captured. Surreal! @cnnbrk  http://t.co/yFIgB2Czcn,Related and informative
325424999567605760,historical_unknown,"RT @AfricanDad: So @CNN and @FoxNews can pronounce Dzhokar Tsarnaev correctly, but can't pronounce Emeka Okafor right? See America",Related - but not informative
325427449066319872,historical_unknown,So glad the standoff in #watertown is over. Kudos to all of the law enforcement officers involved. #ripseancollier #PrayForBoston,Related - but not informative
325431240696152064,historical_unknown,RT @PetesWire: BREAKING: Better shot of boat where suspected #bostonmarathon bomber was hiding out. #wbz http://t.co/HsVqIDbMMd,Related and informative
325436525510815745,historical_unknown,Tonight's tweeting of capture of #Boston bombing suspect showed how twitter,Related and informative
325438631068184576,historical_unknown,RT @kevinbinversie: Who said smoking doesn't save lives? Boat owner found Tsarnaev while stepping outside to have a cigarette. http://t.co/…,Related and informative
325441269289590785,historical_unknown,RT @JohnFugelsang: Reminder - 45 Senators just voted to let Dzhokhar Tsarnaev buy weapons at gun shows w/no inconvenient background checks.,Related - but not informative
325449443971325952,historical_unknown,Boston Marathon Bombing — COPS KILL SUSPECT #1 … Hunting for Suspect #2 http://t.co/5x8877OEI2,Related and informative
325450542883151874,historical_unknown,RT @Baseball_Jesus_: Dzhokhar Tsarnaev should have to take multiple Aroldis Chapman fastballs to the nuts as punishment. #Merica,Related - but not informative
325453105611284480,historical_unknown,"RT @cnnbrk: Boston Marathon suspect in custody, Boston police say. http://t.co/qFpywu2cIG",Related and informative
325458499486244865,historical_unknown,"Irmãos Tsarnaev: os suspeitos de um atentado cercado de dúvidas: Boston (EUA), 19 abr (EFE).- Os irmãos Tamerl... http://t.co/MylYIsO3v2",Not applicable
325475838734774272,historical_unknown,"RT @OurGreatAmerica: Dzhokhar Tsarnaev,   I have bad news for you. We never lose at Hide and Seek, just ask Bin Laden and Saddam. Good Luck…",Related and informative
325480821580505089,historical_unknown,FBI released photos of Boston marathon bomber suspects. #manhunt http://t.co/6cY7R7rwWb,Related and informative
325541332808515585,historical_unknown,RT @rolandparis: How crowd-sourcing went wrong. In Boston: http://t.co/adho71ff3x (via @davelee). And after Norway attack: http://t.co/4Ikp…,Related and informative
325551894049210368,historical_unknown,#Sketch @JessieExclusive: @CNN Predicted Dzhokhar Tsarnaev would be found Friday?  #Conspiracy #BostonBombing #  http://t.co/qzmZBCf0AF,Related - but not informative
325554364481675264,historical_unknown,"RT @AJELive: Kremlin says #Russia, #US agreed to step up counter-terrorism co-operation following #BostonMarathon bombings | http://t.co/3q…",Related - but not informative
325570655162601472,historical_unknown,"RT @OurGreatAmerica: Dzhokhar Tsarnaev,   I have bad news for you. We never lose at Hide and Seek, just ask Bin Laden and Saddam. Good Luck…",Related - but not informative
325574845289074689,historical_unknown,Drake Relays Ban Bags in wake of Boston Marathon Attack - KCRG http://t.co/rDqHfvFl79,Related and informative
325601063862403073,historical_unknown,JUST IN: Boston bombing latest: Father or Tamerlan and Dzhokhar Tsarnaev denies 'angelic sons' actions http://t.co/ct8ZJ2vmd4,Related and informative
325601298768621569,historical_unknown,"@BRSurabaya broh,ada menit diam u/ (alm) anne williams dan korban boston marathon?",Related - but not informative
325614393377304577,historical_unknown,RT @OfficialLFC_ID: Tribut bagi Anne Williams &amp; korban Marathon Boston akan dilakukan dgn tepuk tangan satu menit sebelum laga v Chelse…,Not applicable
325622115082584064,historical_unknown,RT @arthur_read8: Dzhokhar Tsarnaev has been captured! Now the FBI can focus on finding DW's snowball.,Related and informative
325636841292316672,historical_unknown,RT @marcomartucci77: I can definitely see the whole Boston marathon story turned into a movie,Related - but not informative
325642830754217985,historical_unknown,2nd suspect found! #BostonStrong #PrayForBoston,Related and informative
325643074015490048,historical_unknown,David Remnick: The Brothers Tsarnaev http://t.co/ndUcBd0SEY via @NewYorker,Related - but not informative
325662749508116480,historical_unknown,"RT @MEAN_MARINE: Time to Stone liberal media for accusing Christians, Tea Party, White Guys of  Boston Bombing with the millstone of Muslim…",Related - but not informative
325670009844146176,historical_unknown,RT @LemieuxLGM: Why Tsarnaev Should Be Read His Miranda Rights http://t.co/5VqnvSDjMs,Related - but not informative
325688510906519552,historical_unknown,UMass players’ jerseys during Saturday’s spring game will bear the name of those killed in Boston attacks -- http://t.co/Ao37xrGOJk,Related and informative
325696555598356480,historical_unknown,RT @FoxNews: Watch: Fenway faithful sing 'National Anthem' day after Boston Bomb suspect's arrest http://t.co/qRiJa1QQCV,Related and informative
325703019033403393,historical_unknown,RT @ErnestFarrow: Report: Saudi National DHS File Says Individual is “Linked to the Boston Bombing”  http://t.co/MOAWMM778T via @wordpressd…,Related and informative
325708958155284480,historical_unknown,Photos: Boston ‘bomber’ captured ALIVE: The Massachusetts college student wanted in the Boston Marathon bombin... http://t.co/Xlx6aV5ZOe,Related and informative
325726779765567488,historical_unknown,"RT @MarathonKoach: As 1 among 1st stopped at #BostonMarathon at 25.7, Troubles me seeing '13 medals on eBay up to $1100.  Am I wrong? #fb",Not related
325730000991035394,historical_unknown,RT @21Februari2013: #14Mei1997 Tersangka Bom Boston Tamerlan Tsarnaev Pernah Menetap 6 Bulan di Rusia  #14Mei1997,Not applicable
325742063779987456,historical_unknown,RT @Salon: Czech diplomat on the Boston Marathon bombing media frenzy: Please stop confusing Chechnya with the Czech Republic http://t.co/b…,Related and informative
325751324828381185,historical_unknown,"Zooey Deschanel Was A Boston Bombing Suspect, According To Fox News (PHOTO) http://t.co/ewVy0gseNt",Related and informative
325751748461461504,historical_unknown,Add Boston Marathon Bombing to pile of Failed Eliminationist Narratives http://t.co/DjIyNMK7sA via @sharethis,Related - but not informative
325756605461311488,historical_unknown,RT @BBachsBeat: The U.S. govt. shouldn't seek the death penalty for Tsarnaev. Life imprisonment without parole &amp; daily hard labor is a …,Related and informative
325765040189886465,historical_unknown,Plz flw @PatriotRadioNet: One Suspect in Boston Bombing Is Dead -   http://t.co/2TqbkSHRd0,Related and informative
325780093572104192,historical_unknown,RT @TwitchyTeam: 'Barack you my dawg': Election tweets and retweets from Boston bombing suspect's reported account http://t.co/Rd2n6H9IAm,Related and informative
325791070065664001,historical_unknown,Who are these people dressed alike at the Boston Marathon Bombing? http://t.co/5AGrjQqrkq,Related and informative
325791460110778370,historical_unknown,New fund created to support victims of Boston Marathon explosions http://t.co/3RNAiNHHHj,Related and informative
325798070354841601,historical_unknown,RT @FOXSPORTSAZ: Keith Yandle honored 8 yr. old Boston bombing victim Martin Richard during pre game warmups in Chicago tonight. http://t.c…,Related and informative
325802067513987074,historical_unknown,"Menyusul Peristiwa Bom Boston, Pengamanan di London Marathon Ditingkatkan: Lebih dari 35 ribu pelari akan ikut... http://t.co/2vrnVh29n4",Not applicable
325878609350893568,historical_unknown,RT @maleamcguinness: My thoughts and prayers with everyone at the #Boston Marathon...it is so disheartening what humans do to one another,Related - but not informative
325903427043467264,historical_unknown,Tamerlan Tsarnaev's hateful rage behind American dream - http://t.co/kqejtfRzje: Telegraph.co.ukTamerlan Tsarna... http://t.co/lQKbbuXshs,Related and informative
325911933121339392,historical_unknown,"Practically having an asthma attack just watching London Marathon coverage, but excited for everyone running. Good Luck (you mentalists)!",Not related
325926818693648384,historical_unknown,RT @Damienfaitlcon: Les anti-mariage gay devraient manifester sous la forme d'un marathon. #Boston #Manifpourtous,Not applicable
325980832936366081,historical_unknown,I Had A Dream I Was Hanging With That Dude That Made That Bomb In Boston -_-,Related - but not informative
325982175113658369,historical_unknown,David Remnick: The Brothers Tsarnaev http://t.co/DLIrJF4VFc via @NewYorker,Related - but not informative
325983613780885505,historical_unknown,#BostonMarathon suspect still in serious condition according to FBI. Being treated at Beth Israel Deaconess Hospital.,Related and informative
325986956607631362,historical_unknown,Boston Bombing Suspect Probed for Link with Extremist Group – TV http://t.co/DkAXPi4kvQ via @ria_novosti,Related and informative
326017763783094272,historical_unknown,RT @TheDailyShow: CNN's exclusive report on the Boston Marathon bombing was exclusive because it was completely f**king wrong. http://t.co/…,Related - but not informative
326019848360579073,historical_unknown,"8 Campaigns Helping Boston Victims and Their Families: After a tragic week in Boston, here's some good news: O... http://t.co/9bka4i4r0C",Related and informative
326040492741627904,historical_unknown,Glenn Beck Threatens to Expose U.S. Government Cover-Up of Boston Bombing (Video) http://t.co/5R09Ov4Q6x,Related - but not informative
326109602276048896,historical_unknown,The World in Focus: The Best Pictures of the Week: From the Boston marathon bombing and Margaret Thatcher's fu... http://t.co/HzsC4z7FgB,Related and informative
326129474867433473,historical_unknown,Peserta London Marathon Pakai Kaos Bertulis 'I Run for Boston': Lebih dari 35 ribu pelari ikut serta dalam per... http://t.co/ttWyyv3AzW,Not applicable
326143286718894080,historical_unknown,RT @Reuters: Boston Marathon case prosecutor known for aggressive record http://t.co/UWgutLsjox,Related - but not informative
326161762644803585,historical_unknown,RT @joeshowradio: @joerogan The Bill of Rights was written for Dzhokar Tsarnaev: http://t.co/bmZUZRg4U4,Related and informative
326170826539954177,historical_unknown,"@Swamy39. Boston bombing culprits would have escaped in India,  they are teenagers.our juveniles laws would have set them free by now.",Related - but not informative
326183245861511169,historical_unknown,Key Congressmen Request Classified Briefing on Saudi ‘Person of Interest’ in Boston Bombing http://t.co/dTw9djCiqE,Related and informative
326253248803655681,historical_unknown,"@UriKatsav Se dice Tamerlan Tsarnaev, era ciudadano Ruso y en Rusia no hay ABC, NBC,FBI,CNN,etc. Querrá Putin investigar y decir la verdad?",Not applicable
326254918111477760,historical_unknown,http://t.co/yKCbRJ3BbE  Boston bomb suspect killed after shootout: police,Related and informative
326289663721611264,historical_unknown,RT @kavkazcenter: AFP: ''North Caucasus rebels deny link to Boston attack: website'': A website used by Russia's North Caucasus... http://…,Related and informative
326293665108598786,historical_unknown,Did brother lead suspect to murder?: Those who knew the Tsarnaev brothers remember a big friendly giant and ... http://t.co/XpOv8YXcb8,Related and informative
326314212991320064,historical_unknown,Attentat de Boston: Djokhar Tsarnaev communique avec les enquêteurs: Une semaine après la double explosion du... http://t.co/pjfcSuaJBL,Not applicable
326327395713953792,historical_unknown,RT @KiritRadia_ABC: Mom to ABC on how #Boston suspect influenced his brother: What Tamerlan said was law for Dzhokhar. That’s how I raised…,Related - but not informative
326344525222141953,historical_unknown,Boston marks week from Marathon bombs with silence (from @AP) http://t.co/P5puJdNrLe,Related - but not informative
326349612938047488,historical_unknown,#brokawlive Tom Brokaw and Melissa Harris-Perry on Boston Terrorist Attack: “There’s a lot we still need to kn... http://t.co/IhD6ieqbxK,Related and informative
326372455121833985,historical_unknown,Thugs. MT @SDLaborCouncil: 200 Teamsters Lcl 25 members shield Boston bombing victim funeral from Westboro protesters http://t.co/WoARyZz2oY,Related and informative
326374925550100480,historical_unknown,Doctors: All Boston bomb patients likely to live: BOSTON     (AP) -- In a rebuttal to the terrorists and a tri... http://t.co/FekctmNbqp,Related and informative
326376376791875584,historical_unknown,RT @ThorntonFDN: Watch as the #NHLBruins honor first responders of the events surrounding the #BostonMarathon tragedy http://t.co/NfOoGOqOY5,Related and informative
326377047880511489,historical_unknown,"RT @DonGeronimoShow: If RAD are so into free speech and fun times in tragedy why don;t they go to Boston, wear theit t shirts and tell …",Related - but not informative
326383158985621504,historical_unknown,RT @th3j35t3r: #Boston Bombing: A hunch - http://t.co/vDZPz4MkC2,Related and informative
326383695843958784,historical_unknown,Dead suspect's wife 'very distraught': The wife of deceased Boston Marathon bombing suspect Tamerlan Tsarnaev ... http://t.co/cTGRnDa1bm,Related and informative
326386048852701186,historical_unknown,Did the bombing suspects in Boston plan more attacks? http://t.co/uIJQ55Pf3G,Related - but not informative
326398409462398976,historical_unknown,"RT @Reuters: Boston bombing suspect not treated as “enemy combatant, will be prosecuted via criminal justice system: White House #breaking",Related and informative
326399864885899264,historical_unknown,Presentan cargos contra Tsarnaev. Será acusado como terrorista y podría enfrentar pena de muerte || http://t.co/QMBTml4w7y,Not applicable
326405464260763651,historical_unknown,Boston Bomber Dzhokhar Tsarnaev -- CHARGED in Marathon Terror Bombing: Dzhokhar Tsarnaev has just been hit wit... http://t.co/qlsYPARQlV,Related and informative
326411810272059393,historical_unknown,Dzohkhar Tsarnaev CHARGED In Boston Bombings While He Lay In His Hospital Bed http://t.co/cpcRAzvr46 via @HuffPostCrime,Related and informative
326433872281747456,historical_unknown,"RT @tintin1957: #BostonMarathon: 1 day, 2 bombs, 3 dead (1 child) +100 injured. #Syria: 800 days, 1000's of bombs, +90K dead (6000 children…",Related and informative
326455099671068672,historical_unknown,"Boston falls silent to remember marathon bomb victims: Boston has observed a moment of silence, to mark one we... http://t.co/VhkuGGToMd",Related - but not informative
326457876287729664,historical_unknown,@ABC: Law enforcement sources say Boston bombing suspect learned how to make bombs via instructions found on the Internet no surprise,Related and informative
326461911241719808,historical_unknown,Via WSJ: Highlights From Complaint Against Boston Bombing Suspect - Wall Street Journal: ABC NewsHighlights Fr... http://t.co/1u0EBt6kJV,Related and informative
326503892030455808,historical_unknown,"RT @irritatedwoman: Beck’s Bombshell: Obama Is Hiding Third Boston Marathon Terrorist, Plans To Sneak Him Out Of Country « Pat Dollard http…",Related - but not informative
326509269094629376,historical_unknown,RT @mbtaGM: The @MBTATransitPD Honor Guard stands for a Moment of Silence remembering the victims of the Marathon Attack http://t.co/ScIwzE…,Related - but not informative
326510258958770176,historical_unknown,RT @jaketapper: Boston bombing suspect tells officials older brother was driving force behind attack &gt; http://t.co/TAZi7I7t2w,Related and informative
326657479024992256,historical_unknown,Boston bombing suspect Dzhokhar Tsarnaev reportedly told officials that he and h... http://t.co/nGGUXAgDe6,Related and informative
326703641534820352,historical_unknown,Kerry in Turkey Compares Boston Bombing Victims to Terrorists on Flotilla Killed by Israel http://t.co/zk3vun72nW #opisrael,Related and informative
326715192660594688,historical_unknown,RT @OliversMomma: @3pageprophecy_ I still listen to Give Thanks especially on days like today. #prayforboston,Related - but not informative
326723006636371968,historical_unknown,"RT @rickardo74: Luis saurez when he had a nibble of ivanovic is bigger news than maggie thatcher death and Boston bomb, #sky sports cum on …",Not related
326729990181888000,historical_unknown,Only caught up with the goings on at the Boston Marathon this morning. Took about 30 mins and I feel I know all I'd ever want to.,Not related
326776827945304064,historical_unknown,RT @RealAlexJones: New Pictures Purport To Show Tsarnaev Brothers Engaged In Firefight With Police - http://t.co/7ciFptUzTj,Related and informative
326779742999175168,historical_unknown,Boston Bombing: Incredible Pictures Emerge Of Suspects’ Street Gun Battle With Police: Boston Bo... http://t.co/ryS6mItZop via (@iDoPub),Related and informative
326779826893635584,historical_unknown,"RT @BostonGlobe: BREAKING | Source: Marathon bombing suspect admitted that he and brother detonated bombs, killed police officer",Related and informative
326790664979365889,historical_unknown,Sibel Edmonds on the Boston Bombing: The US roots of Chechen terrorism: http://t.co/7IwxGx6LhR via @youtube,Related and informative
326801129763639297,historical_unknown,RT @johnpaulpagano: An essential part of Tamerlan Tsarnaev's radicalization was his indoctrination in conspiracy theories: http://t.co/59Ao…,Related and informative
326834088587706369,historical_unknown,RT @petesouza: Photo of Pres Obama observing a moment of silence at 2:50pm today in honor of Boston Marathon victims http://t.co/3BCXLS6HoZ,Related and informative
326848399540379648,historical_unknown,Check it out! I donated to One Man Marathon for One Fund Boston   http://t.co/6gVuRl99Fi,Related - but not informative
326850333122895872,historical_unknown,"RT @YossiGestetner: Tamerlan Tsarnaev also possessed a copy of “The Protocols of the Learned Elders of Zion,” http://t.co/YaGpZydDvA",Related and informative
326892959834456064,historical_unknown,RT @aguywithnolife: The pressure cookers used in the Boston Bombing were bought at Macy's. Taylor Swift is a spokeswoman for Macy's. They s…,Related and informative
326972194427129856,historical_unknown,Uncle: Suspect's friend 'brainwashed him completely': The uncle of the men accused of the Boston Marathon bomb... http://t.co/XisPJLQpeH,Related and informative
327039806628577281,historical_unknown,"RT @CitizenRadio: #Steubenville coach gets contract extension, Boston bombing suspect cites US wars as motivation http://t.co/534Kq0WJ3E #C…",Related and informative
327072748679602177,historical_unknown,''BOOM BOOM pon a gosar tu cuerpo con el BOOM'' Dzhokhar Tsarnaev minutos antes de detonar el explosivo en la maratón de Boston,Not applicable
327221671637422081,historical_unknown,New Images: Boston Bombing Suspects Battle Police http://t.co/cQZpfaHly6,Related and informative
327239468081897472,historical_unknown,McCain Falsely Claims Authorities Can No Longer Question Boston Bombing Suspect http://t.co/0LRyo4FrCf When has GOP ever been right? NEVER!,Related and informative
327242408288997378,historical_unknown,"When the Boston Marathon was bombed it really got me thinking, I wondered why? Dear Lord why weren't any of my #exgf's in that race!?",Related - but not informative
327265535685431298,historical_unknown,London Marathon honors Boston victims http://t.co/27UEusfwST  via @kr3at,Related and informative
327295344599764992,historical_unknown,"Boston Bombing Stirs Echoes of Unrest in Caucasus: KIZILYURT, Russia — With an automatic weapon at his side an... http://t.co/JAoAubOoEE",Related - but not informative
327328336982454273,historical_unknown,RT @SoundCloud: Support SoundClouder @stephenrandall's tribute song for victims of the Boston Marathon bombing #bostonstrong http://t.co/eu…,Related - but not informative
327343600042131457,historical_unknown,RT @cnnbrk: The father of the Boston bombing suspects is expected to travel to the U.S. to talk with investigators. http://t.co/Fp7YG3O2Ij,Related and informative
327424952766701570,historical_unknown,"RT @Chibambo: &lt;3 @jianghomeshi's reminder that while Boston is on our minds, we = no less connected to other tragedies around the world.…",Related - but not informative
327435014935564288,historical_unknown,Sad on many levels @NBCNews: CONFIRMED: Brown University student falsely identified as Boston bombing suspect found dead in Providence River,Related - but not informative
327457634808647681,historical_unknown,Boston Marathon Bombing Investigators Using Crowdsourced Photographs http://t.co/NIE05JwOBZ #photography,Related and informative
327506532004659201,historical_unknown,Dzhokhar Tsarnaev dijo a investigadores que él y su hermano discutieron de manera espontánea ir a Nueva York para detonar otros explosivos.,Not applicable
327508226507681792,historical_unknown,Bombers' Times Square Plan: Boston Bombing Suspect Dzhokhar Tsarnaev Reveals New York Terror Plan (VIDEO). http://t.co/Scm2zcJO1f,Related and informative
327526924719104003,historical_unknown,@slaylly Cabbie believes he had close encounter with Marathon bomb suspects; picked up unusually heavy backpack: A local ta...  @tobikinz,Related and informative
327537364308201474,historical_unknown,Boston bombing suspect told his right 2 remain silent controversy. Judge Made Miranda-Rights Call in Boston Case http://t.co/iRHSrA3t9u @WSJ,Related and informative
327540967223738369,historical_unknown,@slaylly Middlesex County prosecutors building murder case against Dzhokhar Tsarnaev in officer’s slaying: Middlesex County...  @tobikinz,Related and informative
327551398449381377,historical_unknown,RT @Lawsonbulk: FBI warns people to be wary of marathon bombing related online fraud  http://t.co/rqnHD5JzOV,Related and informative
327609061761769472,historical_unknown,"Tsarnaev Bersaudara Rencanakan Serangan Bom di Times Square New York: Selain bom Boston, terungkap rencana ser... http://t.co/5zZImuFPjX",Related and informative
327637251691511810,historical_unknown,RT @richarddeitsch: Sending out @GlobeMoskowitz piece again on the man carjacked by the Boston Marathon bombers. It's that remarkable: http…,Related and informative
327688145363693569,historical_unknown,"FUTURE RT: @IMDbTV Mad Momma Tsarnaev eliminated from Celebrity Apprentice, alleges show is rigged",Not related
327714703675641856,historical_unknown,Latest developments in the Boston bombing investigation: Here are some of the latest developments in the Bosto... http://t.co/lx42bgoxbA,Related and informative
327895134270263296,historical_unknown,The Lede: The Tale of the Tsarnaev Brothers’ Carjacking Victim: The Boston Globe published a riveting story ab... http://t.co/70vjZxkMCe,Related - but not informative
327913819873607681,historical_unknown,RT @irritatedwoman: Rep. King: NYC Should Have Been Warned Sooner of Tsarnaev Threat to City http://t.co/q2XQGsRQVH,Related and informative
327919620625428480,historical_unknown,Boston suspect is moved; FBI searches landfill: BOSTON (AP) — Boston Marathon bombing suspect Dzhohkar Tsarnaev was mov...  @tobeymonster,Related and informative
327979527856865280,historical_unknown,Attentat de Boston: Djokhar Tsarnaev transféré dans une prison ... - Le Nouvel Observateur http://t.co/NHEe4d4EfA,Not applicable
327980115055230976,historical_unknown,RT @LaurieSegallCNN: Reconstructing the trail of Dzhokhar Tsarnaev's deleted Instagram account http://t.co/hrCq0TmLsV my latest with @erica…,Related and informative
328172629397737474,historical_unknown,RT @jricole: Pot and Partying:  Top Ten Signs the Tsarnaev Brothers Weren’t Pious Muslims http://t.co/8ccN3Jb7VX,Related and informative
328258189021810688,historical_unknown,A letter of hope on the marathon bombing - http://t.co/ARuYRfUAk6,Related - but not informative
328271191343255552,historical_unknown,@AyoubChoudhury Soon Dzhokhar will say he is innocent or guilty BEFORE the trial and we go from there. All Im saying.,Related - but not informative
328304607367405569,historical_unknown,"Wow, not even running is safe these days. My thoughts and prayers are with those hurt from the tragedy at the Boston marathon.",Related - but not informative
328350748922494976,historical_unknown,Jihad Discussions Led to Warning on Tamerlan Tsarnaev: Russian authorities never explai... http://t.co/RmjfKc2cUd http://t.co/ChzmegIHcO,Related and informative
328577585258823681,historical_unknown,Russia Recorded Boston Bombing Suspect Discussing Jihad With his Mother Over the Phone. http://t.co/SXlGtC6qvd via @slate,Related and informative
328589782307438592,historical_unknown,Boston bombing suspects' father postpones trip to US citing poor health: The father of the two Boston bombing ... http://t.co/etXORyJayi,Related and informative
328837149791223809,historical_unknown,RT @MisterBanatero: Wag na wag moko i-JANINE TUGONON kung ayaw mo ma BOSTON MARATHON dyan sa bahay niyo!,Not applicable
328926119359299584,historical_unknown,"RT @let_him_go: If you want to send  Jahar a letter, send it to:   DZHOKHAR TSARNAEV FMC DEVENS FEDERAL MEDICAL CENTER P.O. BOX 879 AYER, M…",Related and informative
328993299522256896,historical_unknown,@tobeymonster Prominent death penalty lawyer Judy Clarke joining marathon bombing suspect's defense team: BOSTON (AP)...  @SancheezyRican,Related and informative
329065672229404672,historical_unknown,RT @runnersworld: Race director Dave McGillivray completed his #bostonmarathon today http://t.co/fnHGmqXK9k,Related - but not informative
329190494724816896,historical_unknown,RT @MissDiagnosis: My latest:  #Jihad and the #BostonMarathon #Bombers Forget about ‘motive’ - via @nypostopinion  http://t.co/G0roAq3miN,Related - but not informative
329258475999866880,historical_unknown,HOLY CRAP HOW STUPID - Dem Congresswoman:Background Checks Would Have Stopped Tsarnaev Shootout http://t.co/7AeIhxjfep #dnc #nra #gop #ows,Related and informative
329294354059493377,historical_unknown,RT @cnnbrk: Sources: Feds eye taking death penalty off table for Boston bomb suspect in exchange for attack details. http://t.co/QHnKInRQxT,Related and informative
329319729623859200,historical_unknown,Boston bombing suspect’s family reportedly received $100G from taxpayers: Good grief…&amp; the thanks we got? http://t.co/5IvlVWoEzx,Related and informative
329354693325225984,historical_unknown,"RT @UP2DATEMMA: White visited Boston, wrote checks for bombing victims - Mixed Martial Arts News http://t.co/pY8JQ3j7hJ",Related and informative
329397970170691585,historical_unknown,Source: Dzhokhar Tsarnaev arrived at hospital 'covered in blood': Alleged Boston bomber Dzhokhar Tsarnaev was ... http://t.co/LGHWe2SF0O,Related and informative
329505289810362369,historical_unknown,"RT @sextinghoran: BOSTON MARATHON TRAGEDY, a day to remember! http://t.co/UAMN44PdsX",Related - but not informative
329530338189647872,historical_unknown,Uncle: Family to claim Boston bomb suspect's body http://t.co/bmTSgGUi6O via @USATODAY,Related and informative
329614840832327682,historical_unknown,RT @Boston_Police: Three additional suspects taken into custody in Marathon bombing case. Details to follow.,Related and informative
329623376266149888,historical_unknown,Reports: Suspects In Custody Allegedly Helped Dzhokhar Tsarnaev After Bombing http://t.co/rXYwoDQAPC via @davidtaint,Related and informative
329625188188692480,historical_unknown,"UPDATE: The three people arrested are roommates of Tsarnaev at UMass-Dartmouth, says @NBCNews",Related and informative
329640887460167680,historical_unknown,"RT @WWLTV: Heavy rains expected this afternoon, and the latest update on three arrests in the Boston Bombing in a few minutes on the Eyewit…",Related and informative
329644817531420672,historical_unknown,"RT @mitchellreports: .@PeteWilliamsNBC says 3 are accused of taking some items that belonged to #Dzhokhar, throwing them away, and denying…",Related and informative
329659724100419586,historical_unknown,did anyone see that old man falling on the ground like a sack of shit at the #bostonmarathon ? what a #noob,Related - but not informative
329675268182663169,historical_unknown,Three More Arrests Made In Boston Marathon Bombing (PHOTOS) http://t.co/RmP96DTvZB,Related and informative
329687486194401281,historical_unknown,Three In Custody In Boston Marathon Bombing Investigation http://t.co/udPKBVQp9W,Related and informative
329970912067723264,historical_unknown,FBI - Updates on Investigation Into Multiple Explosions in Boston http://t.co/zn9YEx8lnC,Related and informative
330109428969897985,historical_unknown,"RT @cnnbrk: Source: Suspected #Boston bombers initially planned to carry out attack on July 4, but bombs were ready early. http://t.co/Bu67…",Related and informative
330110590800523264,historical_unknown,"Akhirnya, Jasad Bomber Boston Tamerlan Tsarnaev Diambil: 03/05/2013 06:31 Penyebab pasti kematian Tamerlan tak... http://t.co/qVugBpnIka",Not applicable
330414270976229376,historical_unknown,"@GrantWahl Well, maybe they just wanted a game in the Boston area after the Marathon bombings?",Related - but not informative
330551500210331648,historical_unknown,BostonMarathon Bomber: Tamerlan Tsarnaev Death Photo I wonder what kinda gun did that? glad they blasted him tho http://t.co/PjyW2uXALx,Related and informative
330562824835330049,historical_unknown,"#BRTT➠ AFTER Boston Bombing, US Customs Decides to Verify All International Student Visas:  http://t.co/aSdAeA35J1 #TGDN #TCOT #CCOT",Related and informative
330702608421494785,historical_unknown,RT @iamYayaGabbana: a lot niggaz ain't gonna make it to the end of summer #PrayForBoston,Related - but not informative
331021937579008000,historical_unknown,RT @kylegotjokes: I knew this Boston shit was so much deeper than the news said #WakeUp #PrayForBoston #FreeBands http://t.co/Rt7Mc6ETmX,Related - but not informative
331401605956108288,historical_unknown,"High security, bomb dogs and a moment of silence at O.C. Marathon http://t.co/LClqOalWmc",Not related
331857161913253889,historical_unknown,Boston Marathon bombing survivor tells One Fund Boston administrator he is traumatized from blast http://t.co/GWOs5shoQv,Related and informative
332561800795144193,historical_unknown,“@nytimes: Boston Police Weren’t Told F.B.I. Got Warning on Tsarnaev http://t.co/blL52i27xy”,Related and informative
332965968097734656,historical_unknown,"Tamerlan Tsarnaev fue enterrado en un cementerio musulmán de Virginia: Los restos de Tamerlan Tsarnaev, presun... http://t.co/iXIjooNR7s",Not applicable
333035488694906882,historical_unknown,RT @TheSpoonyOne: One would think people would be bidding huge money to have Tsarnaev buried on their property. Sell tickets to wizz on the…,Related - but not informative
333120377226158081,historical_unknown,"To locals' surprise, Tamerlan Tsarnaev buried in Virginia cemetery http://t.co/ztnWUduY82",Related and informative
333279915938021376,historical_unknown,has anyone noticed how after the boston bombings the govt is now uncovering mad bomb plots around the country?,Related - but not informative
333433171611893762,historical_unknown,RT @TwitWingsAr: هناك أكثر من 3798 صورة تم تداولها من ضمن 21653 تغريدة في هاشتاق #PrayForBoston ! http://t.co/Mnbr2vWytP,Not applicable
333433893027971073,historical_unknown,RT @TwitWingsAr: هناك أكثر من 2334 صورة تم تداولها من ضمن 21462 تغريدة في هاشتاق #BostonMarathon ! http://t.co/VT0sPdVqDs,Related - but not informative
333627296600686594,historical_unknown,"RT @Ohpubertalks: R.I.P. to the 8 year-old girl who died in Boston's explosions, while running for the Sandy Hook kids. #prayforboston http…",Related and informative
333948244725989379,historical_unknown,"RT @Doc_0: If only this Administration kept tabs on the Tsarnaev welfare-terrorist clan, the way they go after innocent political dissident…",Related - but not informative
333963193238032385,historical_unknown,@ArmchairArab @LibyanBentBladi I am sorry I am just comparing to what happened after Boston explosions.,Related - but not informative
333981371368353794,historical_unknown,The BOSTON MARATHON ZUP is emerging on #Tweetzup http://t.co/9OeAzRhNHt,Related - but not informative
334472155234463744,historical_unknown,Ni saben pronunciar el nombre de Dzhokhar Tsarnaev pero ahí andan de lamebotas porque está guapo.,Related - but not informative
334949521555603456,historical_unknown,RT @CIApressoffice: 'Wigged CIA spy' Ryan C. Fogle was reportedly seeking information on Boston Bombing: http://t.co/p9e8f8IHMc,Related and informative
335100856246624256,historical_unknown,Lmaoo Tsarnaev allegedly wrote a note on the boat he was hiding in.,Related - but not informative
335734858879995904,historical_unknown,Unburied: Tamerlan Tsarnaev and the Lessons of Greek Tragedy http://t.co/Cja3BkPdnp via @NewYorker,Related - but not informative
336045166039281664,historical_unknown,#BostonBomber #6Stars in Grand Theft Auto early.. Dzhorkar Tsarnaev #MaimingMilers #music #Roadkill #DeadManDown http://t.co/z8lemHNEnm,Related - but not informative
336356106601394176,historical_unknown,How to Fake Death at the Boston Marathon - What They Don't Want You to Know  http://t.co/kk84QyChrp interesting is it TRUE? Points R valid!,Not related
336926632583512065,historical_unknown,RT @BretLockett26: My heart and prayers go out to everyone that has been affected by this tragedy in Boston.,Related - but not informative
337175551951400960,historical_unknown,"Orlando man killed by FBI had ties to Boston Marathon bombing suspect, NBC News confirms http://t.co/DiVcqBiK4l",Related and informative
337225145414479873,historical_unknown,FBI kills man linked to Boston bombing suspect http://t.co/5fCOKZOv19,Related and informative
337359539294842880,historical_unknown,Friend of Boston Bombing Suspect Shot and Killed by FBI Agent. @PierreTABC reports. http://t.co/OgEOFJia78,Related and informative
337542079603437569,historical_unknown,"What's worse- security service saying they knew about terrorists and investigated them, or that they'd never heard of them? #london #boston",Related - but not informative
337602527912660992,historical_unknown,2 FBI Agents Involved in Dzhokhar Tsarnaev’s Arrest “FALL” Out of Helicopter and Die http://t.co/PLVP7olqwT via @sharethis,Related and informative
337825887162617856,historical_unknown,Steve Sailer: Tsarnaev-Todashev story has immigration fraud written all over it http://t.co/q4QAvN1KNU,Related and informative
337833407570640897,historical_unknown,@Vencace IHT Rendezvous: Questions in London Killing Echo Boston Bombing: After the brutal daylight murder of an off-duty soldier in ...,Related - but not informative
337937153688473600,historical_unknown,RT @RedSox: #RedSox fans: Help @davidortiz raise money for Boston Marathon victims by purchasing a custom bat from http://t.co/tJijN3QLGD #…,Related and informative
338321003807649794,historical_unknown,RT @mattpep15: Thousands got to finish the #BostonMarathon today. Here's a photo at the finish. http://t.co/MqRjKZfGkk,Not related
338695282491527170,historical_unknown,"Boston Marathon winner Lelisa Desisa honors city, victims http://t.co/bCq1Yk1uxD",Related and informative
338979664712327168,historical_unknown,FBI killing of man with ties to Tsarnaev: Self-defense or excessive force? http://t.co/pBSY4ecdQ7,Related - but not informative
339257361170591744,historical_unknown,@elenaaaaaa6 candy crush is a game &amp;&amp; #PrayForBoston isn't telling people to DM them how they feel😳,Related - but not informative
340244410954547200,historical_unknown,RT @1510wlac: Boston Strong concert to benefit marathon victims takes place tonight! http://t.co/XM6y9qjSgN,Related and informative
340341051917209601,historical_unknown,Boston bombing suspect 'walking',Related - but not informative
340690781352378370,historical_unknown,"RT @KLSouth: The FBI agents, who eliminated Boston terrorist Tamerlan Tsarnaev, died as they fell out of a helicopter, the FBI said.  Oh re…",Related and informative
343337278111875072,historical_unknown,"RT @dens: Btw, special thanks to @DICKS for helping me &amp; @chelsa complete our fundraising goals for Boston Marathon (hence those #RunFor tw…",Not related
344322373329235969,historical_unknown,RT @fancyfenty: he wouldn touch ur lebanese ass with a stick RT @reIaxbro what name would you rather yell in bed dzhokhar or jahar,Related - but not informative
